GSM_ID;SRR_ID;Condition_Group;Category;Count;Experiment_Name;Age;Tissue;Cell_Type;Fastq_FTP_URL
GSM8101522;SRR17720186;FETAL_brain;sorted scRNA_seq;5;FETAL_brain_IND1_EC;Fetal;brain;Endothelial cells;ftp://ftp.sra.ebi.ac.uk/vol1/fastq/SRR177/086/SRR17720186/SRR17720186.fastq.gz
GSM8101523;SRR17720184;;;;FETAL_brain_IND2_IND3_EC;;;;ftp://ftp.sra.ebi.ac.uk/vol1/fastq/SRR177/084/SRR17720184/SRR17720184.fastq.gz
GSM8101524;SRR17720199;;;;FETAL_brain_IND4_EC;;;;ftp://ftp.sra.ebi.ac.uk/vol1/fastq/SRR177/099/SRR17720199/SRR17720199.fastq.gz
GSM8101525;SRR17720198;;;;FETAL_brain_IND5_EC;;;;ftp://ftp.sra.ebi.ac.uk/vol1/fastq/SRR177/098/SRR17720198/SRR17720198.fastq.gz
GSM8101564;SRR17720222;FETAL_brain;unsorted scRNA_seq;7;FETAL_brain_1_all cells;Fetal;brain;Perivascular and other tissue derived cells;ftp://ftp.sra.ebi.ac.uk/vol1/fastq/SRR177/022/SRR17720222/SRR17720222.fastq.gz
GSM8101565;SRR17720221;;;;FETAL_brain_2_all cells;;;;ftp://ftp.sra.ebi.ac.uk/vol1/fastq/SRR177/021/SRR17720221/SRR17720221.fastq.gz
GSM8101566;SRR17720220;;;;FETAL_brain_3_all cells;;;;ftp://ftp.sra.ebi.ac.uk/vol1/fastq/SRR177/020/SRR17720220/SRR17720220.fastq.gz
GSM8101567;SRR17720218;;;;FETAL_brain_4_all cells;;;;ftp://ftp.sra.ebi.ac.uk/vol1/fastq/SRR177/018/SRR17720218/SRR17720218.fastq.gz
GSM8101568;SRR17720217;;;;FETAL_brain_5_all cells;;;;ftp://ftp.sra.ebi.ac.uk/vol1/fastq/SRR177/017/SRR17720217/SRR17720217.fastq.gz
GSM8101606;SRR28072447;;;;FETAL_brain_8_all cells;;;;ftp://ftp.sra.ebi.ac.uk/vol1/fastq/SRR280/047/SRR28072447/SRR28072447.fastq.gz
GSM8101606;SRR28072448;;;;FETAL_brain_8_all cells;;;;ftp://ftp.sra.ebi.ac.uk/vol1/fastq/SRR280/048/SRR28072448/SRR28072448.fastq.gz
GSM8101607;SRR28072450;;;;FETAL_brain_6_all cells;;;;ftp://ftp.sra.ebi.ac.uk/vol1/fastq/SRR280/050/SRR28072450/SRR28072450.fastq.gz
GSM8101607;SRR28072449;;;;FETAL_brain_6_all cells;;;;ftp://ftp.sra.ebi.ac.uk/vol1/fastq/SRR280/049/SRR28072449/SRR28072449.fastq.gz
GSM8101526;SRR17720224;FETAL_periphery;sorted scRNA_seq;5;FETAL_periphery_IND2_EC;Fetal;peripheral organs;Endothelial cells;ftp://ftp.sra.ebi.ac.uk/vol1/fastq/SRR177/024/SRR17720224/SRR17720224.fastq.gz
GSM8101527;SRR17720200;;;;FETAL_periphery_IND3_EC;;;;ftp://ftp.sra.ebi.ac.uk/vol1/fastq/SRR177/000/SRR17720200/SRR17720200.fastq.gz
GSM8101528;SRR17720188;;;;FETAL_periphery_IND4_EC;;;;ftp://ftp.sra.ebi.ac.uk/vol1/fastq/SRR177/088/SRR17720188/SRR17720188.fastq.gz
GSM8101529;SRR17720208;;;;FETAL_periphery_IND5.3_EC;;;;ftp://ftp.sra.ebi.ac.uk/vol1/fastq/SRR177/008/SRR17720208/SRR17720208.fastq.gz
GSM8101530;SRR17720219;;;;FETAL_periphery_IND5.2_EC;;;;ftp://ftp.sra.ebi.ac.uk/vol1/fastq/SRR177/019/SRR17720219/SRR17720219.fastq.gz
GSM8101531;SRR17720175;;;;FETAL_periphery_IND5_EC;;;;ftp://ftp.sra.ebi.ac.uk/vol1/fastq/SRR177/075/SRR17720175/SRR17720175.fastq.gz
GSM8101532;SRR17720151;;;;FETAL_periphery_IND5.1_EC;;;;ftp://ftp.sra.ebi.ac.uk/vol1/fastq/SRR177/051/SRR17720151/SRR17720151.fastq.gz
GSM8101533;SRR17720168;;;;FETAL_periphery_IND6_EC;;;;ftp://ftp.sra.ebi.ac.uk/vol1/fastq/SRR177/068/SRR17720168/SRR17720168.fastq.gz
MISSING;MISSING;FETAL_periphery;unsorted scRNA_seq;7;MISSING;Fetal;peripheral organs;Perivascular and other tissue derived cells;MISSING
GSM8101534;SRR17720197;TL;sorted scRNA_seq;9;TL_patient1_EC;Adult;brain;Endothelial cells;ftp://ftp.sra.ebi.ac.uk/vol1/fastq/SRR177/097/SRR17720197/SRR17720197.fastq.gz
GSM8101535;SRR17720196;;;;TL_patient2_EC;;;;ftp://ftp.sra.ebi.ac.uk/vol1/fastq/SRR177/096/SRR17720196/SRR17720196.fastq.gz
GSM8101536;SRR17720195;;;;TL_patient3_EC;;;;ftp://ftp.sra.ebi.ac.uk/vol1/fastq/SRR177/095/SRR17720195/SRR17720195.fastq.gz
GSM8101537;SRR17720193;;;;TL_patient4_EC;;;;ftp://ftp.sra.ebi.ac.uk/vol1/fastq/SRR177/093/SRR17720193/SRR17720193.fastq.gz
GSM8101538;SRR17720192;;;;TL_patient5_EC;;;;ftp://ftp.sra.ebi.ac.uk/vol1/fastq/SRR177/092/SRR17720192/SRR17720192.fastq.gz
GSM8101539;SRR17720191;;;;TL_patient6_EC;;;;ftp://ftp.sra.ebi.ac.uk/vol1/fastq/SRR177/091/SRR17720191/SRR17720191.fastq.gz
GSM8101593;SRR28072474;;;;TL_patient9_EC_1;;;;ftp://ftp.sra.ebi.ac.uk/vol1/fastq/SRR280/074/SRR28072474/SRR28072474.fastq.gz
GSM8101593;SRR28072476;;;;TL_patient9_EC_1;;;;ftp://ftp.sra.ebi.ac.uk/vol1/fastq/SRR280/076/SRR28072476/SRR28072476.fastq.gz
GSM8101593;SRR28072475;;;;TL_patient9_EC_1;;;;ftp://ftp.sra.ebi.ac.uk/vol1/fastq/SRR280/075/SRR28072475/SRR28072475.fastq.gz
GSM8101593;SRR28072477;;;;TL_patient9_EC_1;;;;ftp://ftp.sra.ebi.ac.uk/vol1/fastq/SRR280/077/SRR28072477/SRR28072477.fastq.gz
GSM8101594;SRR28072468;;;;TL_patient9_EC_2;;;;ftp://ftp.sra.ebi.ac.uk/vol1/fastq/SRR280/068/SRR28072468/SRR28072468.fastq.gz
GSM8101594;SRR28072479;;;;TL_patient9_EC_2;;;;ftp://ftp.sra.ebi.ac.uk/vol1/fastq/SRR280/079/SRR28072479/SRR28072479.fastq.gz
GSM8101594;SRR28072469;;;;TL_patient9_EC_2;;;;ftp://ftp.sra.ebi.ac.uk/vol1/fastq/SRR280/069/SRR28072469/SRR28072469.fastq.gz
GSM8101594;SRR28072478;;;;TL_patient9_EC_2;;;;ftp://ftp.sra.ebi.ac.uk/vol1/fastq/SRR280/078/SRR28072478/SRR28072478.fastq.gz
GSM8101597;SRR28072467;;;;TL_patient7_EC;;;;ftp://ftp.sra.ebi.ac.uk/vol1/fastq/SRR280/067/SRR28072467/SRR28072467.fastq.gz
GSM8101598;SRR28072445;;;;TL_patient10_EC_1;;;;ftp://ftp.sra.ebi.ac.uk/vol1/fastq/SRR280/045/SRR28072445/SRR28072445.fastq.gz
GSM8101598;SRR28072446;;;;TL_patient10_EC_1;;;;ftp://ftp.sra.ebi.ac.uk/vol1/fastq/SRR280/046/SRR28072446/SRR28072446.fastq.gz
GSM8101598;SRR28072443;;;;TL_patient10_EC_1;;;;ftp://ftp.sra.ebi.ac.uk/vol1/fastq/SRR280/043/SRR28072443/SRR28072443.fastq.gz
GSM8101598;SRR28072444;;;;TL_patient10_EC_1;;;;ftp://ftp.sra.ebi.ac.uk/vol1/fastq/SRR280/044/SRR28072444/SRR28072444.fastq.gz
GSM8101599;SRR28072440;;;;TL_patient10_EC_2;;;;ftp://ftp.sra.ebi.ac.uk/vol1/fastq/SRR280/040/SRR28072440/SRR28072440.fastq.gz
GSM8101599;SRR28072441;;;;TL_patient10_EC_2;;;;ftp://ftp.sra.ebi.ac.uk/vol1/fastq/SRR280/041/SRR28072441/SRR28072441.fastq.gz
GSM8101599;SRR28072439;;;;TL_patient10_EC_2;;;;ftp://ftp.sra.ebi.ac.uk/vol1/fastq/SRR280/039/SRR28072439/SRR28072439.fastq.gz
GSM8101599;SRR28072442;;;;TL_patient10_EC_2;;;;ftp://ftp.sra.ebi.ac.uk/vol1/fastq/SRR280/042/SRR28072442/SRR28072442.fastq.gz
GSM8101569;SRR17720216;TL;unsorted scRNA_seq;6;TL_patient5_all cells;Adult;brain;Perivascular and other tissue derived cells;ftp://ftp.sra.ebi.ac.uk/vol1/fastq/SRR177/016/SRR17720216/SRR17720216.fastq.gz
GSM8101570;SRR17720215;;;;TL_patient6_all cells;;;;ftp://ftp.sra.ebi.ac.uk/vol1/fastq/SRR177/015/SRR17720215/SRR17720215.fastq.gz
GSM8101571;SRR17720214;;;;TL_patient7_all cells;;;;ftp://ftp.sra.ebi.ac.uk/vol1/fastq/SRR177/014/SRR17720214/SRR17720214.fastq.gz
GSM8101572;SRR17720211;;;;TL_patient10_all cells;;;;ftp://ftp.sra.ebi.ac.uk/vol1/fastq/SRR177/011/SRR17720211/SRR17720211.fastq.gz
GSM8101573;SRR17720212;;;;TL_patient9_all cells;;;;ftp://ftp.sra.ebi.ac.uk/vol1/fastq/SRR177/012/SRR17720212/SRR17720212.fastq.gz
GSM8101574;SRR17720213;;;;TL_patient8_all cells;;;;ftp://ftp.sra.ebi.ac.uk/vol1/fastq/SRR177/013/SRR17720213/SRR17720213.fastq.gz
GSM8101595;SRR28072470;;;;TL_patient9_all cells_1;;;;ftp://ftp.sra.ebi.ac.uk/vol1/fastq/SRR280/070/SRR28072470/SRR28072470.fastq.gz
GSM8101595;SRR28072471;;;;TL_patient9_all cells_1;;;;ftp://ftp.sra.ebi.ac.uk/vol1/fastq/SRR280/071/SRR28072471/SRR28072471.fastq.gz
GSM8101595;SRR28072472;;;;TL_patient9_all cells_1;;;;ftp://ftp.sra.ebi.ac.uk/vol1/fastq/SRR280/072/SRR28072472/SRR28072472.fastq.gz
GSM8101595;SRR28072473;;;;TL_patient9_all cells_1;;;;ftp://ftp.sra.ebi.ac.uk/vol1/fastq/SRR280/073/SRR28072473/SRR28072473.fastq.gz
GSM8101596;SRR28072463;;;;TL_patient9_all cells_2;;;;ftp://ftp.sra.ebi.ac.uk/vol1/fastq/SRR280/063/SRR28072463/SRR28072463.fastq.gz
GSM8101596;SRR28072466;;;;TL_patient9_all cells_2;;;;ftp://ftp.sra.ebi.ac.uk/vol1/fastq/SRR280/066/SRR28072466/SRR28072466.fastq.gz
GSM8101596;SRR28072464;;;;TL_patient9_all cells_2;;;;ftp://ftp.sra.ebi.ac.uk/vol1/fastq/SRR280/064/SRR28072464/SRR28072464.fastq.gz
GSM8101596;SRR28072465;;;;TL_patient9_all cells_2;;;;ftp://ftp.sra.ebi.ac.uk/vol1/fastq/SRR280/065/SRR28072465/SRR28072465.fastq.gz
GSM8101600;SRR28072435;;;;TL_patient10_all cells_1;;;;ftp://ftp.sra.ebi.ac.uk/vol1/fastq/SRR280/035/SRR28072435/SRR28072435.fastq.gz
GSM8101600;SRR28072436;;;;TL_patient10_all cells_1;;;;ftp://ftp.sra.ebi.ac.uk/vol1/fastq/SRR280/036/SRR28072436/SRR28072436.fastq.gz
GSM8101600;SRR28072437;;;;TL_patient10_all cells_1;;;;ftp://ftp.sra.ebi.ac.uk/vol1/fastq/SRR280/037/SRR28072437/SRR28072437.fastq.gz
GSM8101600;SRR28072438;;;;TL_patient10_all cells_1;;;;ftp://ftp.sra.ebi.ac.uk/vol1/fastq/SRR280/038/SRR28072438/SRR28072438.fastq.gz
GSM8101601;SRR28072432;;;;TL_patient10_all cells_2;;;;ftp://ftp.sra.ebi.ac.uk/vol1/fastq/SRR280/032/SRR28072432/SRR28072432.fastq.gz
GSM8101601;SRR28072433;;;;TL_patient10_all cells_2;;;;ftp://ftp.sra.ebi.ac.uk/vol1/fastq/SRR280/033/SRR28072433/SRR28072433.fastq.gz
GSM8101601;SRR28072431;;;;TL_patient10_all cells_2;;;;ftp://ftp.sra.ebi.ac.uk/vol1/fastq/SRR280/031/SRR28072431/SRR28072431.fastq.gz
GSM8101601;SRR28072434;;;;TL_patient10_all cells_2;;;;ftp://ftp.sra.ebi.ac.uk/vol1/fastq/SRR280/034/SRR28072434/SRR28072434.fastq.gz
GSM8101609;SRR28072415;TL;Sorted bulkRNA_seq;3;TL_patient1_EC_bulkRNA-seq;Adult;adult/control brain;Endothelial cells;ftp://ftp.sra.ebi.ac.uk/vol1/fastq/SRR280/015/SRR28072415/SRR28072415.fastq.gz
GSM8101610;SRR28072414;;;;TL_patient2_EC_bulkRNA-seq;;;;ftp://ftp.sra.ebi.ac.uk/vol1/fastq/SRR280/014/SRR28072414/SRR28072414.fastq.gz
GSM8101611;SRR28072413;;;;TL_patient3_EC_bulkRNA-seq;;;;ftp://ftp.sra.ebi.ac.uk/vol1/fastq/SRR280/013/SRR28072413/SRR28072413.fastq.gz
GSM8101545;SRR17720159;LGG;sorted scRNA_seq;6;LGG_patient1_EC;Adult;brain;Endothelial cells;ftp://ftp.sra.ebi.ac.uk/vol1/fastq/SRR177/059/SRR17720159/SRR17720159.fastq.gz
GSM8101546;SRR17720157;;;;LGG_patient2_EC;;;;ftp://ftp.sra.ebi.ac.uk/vol1/fastq/SRR177/057/SRR17720157/SRR17720157.fastq.gz
GSM8101547;SRR17720156;;;;LGG_patient3_EC;;;;ftp://ftp.sra.ebi.ac.uk/vol1/fastq/SRR177/056/SRR17720156/SRR17720156.fastq.gz
GSM8101548;SRR17720155;;;;LGG_patient4_EC;;;;ftp://ftp.sra.ebi.ac.uk/vol1/fastq/SRR177/055/SRR17720155/SRR17720155.fastq.gz
GSM8101602;SRR28072458;;;;LGG_patient6_EC;;;;ftp://ftp.sra.ebi.ac.uk/vol1/fastq/SRR280/058/SRR28072458/SRR28072458.fastq.gz
GSM8101602;SRR28072459;;;;LGG_patient6_EC;;;;ftp://ftp.sra.ebi.ac.uk/vol1/fastq/SRR280/059/SRR28072459/SRR28072459.fastq.gz
GSM8101602;SRR28072461;;;;LGG_patient6_EC;;;;ftp://ftp.sra.ebi.ac.uk/vol1/fastq/SRR280/061/SRR28072461/SRR28072461.fastq.gz
GSM8101602;SRR28072460;;;;LGG_patient6_EC;;;;ftp://ftp.sra.ebi.ac.uk/vol1/fastq/SRR280/060/SRR28072460/SRR28072460.fastq.gz
GSM8101603;SRR28072462;;;;LGG_patient5_EC;;;;ftp://ftp.sra.ebi.ac.uk/vol1/fastq/SRR280/062/SRR28072462/SRR28072462.fastq.gz
GSM8101578;SRR17720202;LGG;unsorted scRNA_seq;4;LGG_patient3_all cells;Adult;brain;Perivascular and other tissue derived cells;ftp://ftp.sra.ebi.ac.uk/vol1/fastq/SRR177/002/SRR17720202/SRR17720202.fastq.gz
GSM8101579;SRR17720201;;;;LGG_patient4_all cells;;;;ftp://ftp.sra.ebi.ac.uk/vol1/fastq/SRR177/001/SRR17720201/SRR17720201.fastq.gz
GSM8101580;SRR17720171;;;;LGG_patient5_all cells;;;;ftp://ftp.sra.ebi.ac.uk/vol1/fastq/SRR177/071/SRR17720171/SRR17720171.fastq.gz
GSM8101581;SRR17720170;;;;LGG_patient6_all cells;;;;ftp://ftp.sra.ebi.ac.uk/vol1/fastq/SRR177/070/SRR17720170/SRR17720170.fastq.gz
GSM8101581;SRR18148883;;;;LGG_patient6_all cells;;;;ftp://ftp.sra.ebi.ac.uk/vol1/fastq/SRR181/083/SRR18148883/SRR18148883.fastq.gz
GSM8101619;SRR28072405;LGG;sorted bulkRNA_seq;4;LGG_patient1_EC_bulkRNA-seq;Adult;lower grade glioma;Endothelial cells;ftp://ftp.sra.ebi.ac.uk/vol1/fastq/SRR280/005/SRR28072405/SRR28072405.fastq.gz
GSM8101620;SRR28072404;;;;LGG_patient2_EC_bulkRNA-seq;;;;ftp://ftp.sra.ebi.ac.uk/vol1/fastq/SRR280/004/SRR28072404/SRR28072404.fastq.gz
GSM8101621;SRR28072403;;;;LGG_patient3_EC_bulkRNA-seq;;;;ftp://ftp.sra.ebi.ac.uk/vol1/fastq/SRR280/003/SRR28072403/SRR28072403.fastq.gz
GSM8101622;SRR28072402;;;;LGG_patient4_EC_bulkRNA-seq;;;;ftp://ftp.sra.ebi.ac.uk/vol1/fastq/SRR280/002/SRR28072402/SRR28072402.fastq.gz
GSM8101549;SRR17720177;GBM;sorted scRNA_seq;8;GBM_patient1_EC;Adult;brain;Endothelial cells;ftp://ftp.sra.ebi.ac.uk/vol1/fastq/SRR177/077/SRR17720177/SRR17720177.fastq.gz
GSM8101550;SRR17720176;;;;GBM_patient2_EC;;;;ftp://ftp.sra.ebi.ac.uk/vol1/fastq/SRR177/076/SRR17720176/SRR17720176.fastq.gz
GSM8101551;SRR17720174;;;;GBM_patient3_EC;;;;ftp://ftp.sra.ebi.ac.uk/vol1/fastq/SRR177/074/SRR17720174/SRR17720174.fastq.gz
GSM8101552;SRR17720173;;;;GBM_patient4_EC;;;;ftp://ftp.sra.ebi.ac.uk/vol1/fastq/SRR177/073/SRR17720173/SRR17720173.fastq.gz
GSM8101553;SRR17720172;;;;GBM_patient5_EC;;;;ftp://ftp.sra.ebi.ac.uk/vol1/fastq/SRR177/072/SRR17720172/SRR17720172.fastq.gz
GSM8101604;SRR28072452;;;;GBM_patient6_EC;;;;ftp://ftp.sra.ebi.ac.uk/vol1/fastq/SRR280/052/SRR28072452/SRR28072452.fastq.gz
GSM8101604;SRR28072455;;;;GBM_patient6_EC;;;;ftp://ftp.sra.ebi.ac.uk/vol1/fastq/SRR280/055/SRR28072455/SRR28072455.fastq.gz
GSM8101604;SRR28072453;;;;GBM_patient6_EC;;;;ftp://ftp.sra.ebi.ac.uk/vol1/fastq/SRR280/053/SRR28072453/SRR28072453.fastq.gz
GSM8101604;SRR28072454;;;;GBM_patient6_EC;;;;ftp://ftp.sra.ebi.ac.uk/vol1/fastq/SRR280/054/SRR28072454/SRR28072454.fastq.gz
GSM8101605;SRR28072456;;;;GBM_patient7_EC;;;;ftp://ftp.sra.ebi.ac.uk/vol1/fastq/SRR280/056/SRR28072456/SRR28072456.fastq.gz
GSM8101605;SRR28072457;;;;GBM_patient7_EC;;;;ftp://ftp.sra.ebi.ac.uk/vol1/fastq/SRR280/057/SRR28072457/SRR28072457.fastq.gz
GSM8101608;SRR28072451;;;;GBM_patient8_EC;;;;ftp://ftp.sra.ebi.ac.uk/vol1/fastq/SRR280/051/SRR28072451/SRR28072451.fastq.gz
GSM8101608;SRR28072430;;;;GBM_patient8_EC;;;;ftp://ftp.sra.ebi.ac.uk/vol1/fastq/SRR280/030/SRR28072430/SRR28072430.fastq.gz
GSM8101582;SRR17720169;GBM;unsorted scRNA_seq;5;GBM_patient3_all cells;Adult;brain;Perivascular and other tissue derived cells;ftp://ftp.sra.ebi.ac.uk/vol1/fastq/SRR177/069/SRR17720169/SRR17720169.fastq.gz
GSM8101583;SRR17720167;;;;GBM_patient4_all cells;;;;ftp://ftp.sra.ebi.ac.uk/vol1/fastq/SRR177/067/SRR17720167/SRR17720167.fastq.gz
GSM8101584;SRR17720166;;;;GBM_patient5_all cells;;;;ftp://ftp.sra.ebi.ac.uk/vol1/fastq/SRR177/066/SRR17720166/SRR17720166.fastq.gz
GSM8101585;SRR17720165;;;;GBM_patient6_all cells;;;;ftp://ftp.sra.ebi.ac.uk/vol1/fastq/SRR177/065/SRR17720165/SRR17720165.fastq.gz
GSM8101586;SRR17720164;;;;GBM_patient7_all cells;;;;ftp://ftp.sra.ebi.ac.uk/vol1/fastq/SRR177/064/SRR17720164/SRR17720164.fastq.gz
GSM8101623;SRR28072401;GBM;Sorted bulkRNA_seq;6;GBM_patient1_EC_bulkRNA-seq;Adult;high grade glioma / glioblastoma (GBM);Endothelial cells;ftp://ftp.sra.ebi.ac.uk/vol1/fastq/SRR280/001/SRR28072401/SRR28072401.fastq.gz
GSM8101624;SRR28072400;;;;GBM_patient2_EC_bulkRNA-seq;;;;ftp://ftp.sra.ebi.ac.uk/vol1/fastq/SRR280/000/SRR28072400/SRR28072400.fastq.gz
GSM8101625;SRR28072399;;;;GBM_patient3_EC_bulkRNA-seq;;;;ftp://ftp.sra.ebi.ac.uk/vol1/fastq/SRR280/099/SRR28072399/SRR28072399.fastq.gz
GSM8101626;SRR28072398;;;;GBM_patient4_EC_bulkRNA-seq;;;;ftp://ftp.sra.ebi.ac.uk/vol1/fastq/SRR280/098/SRR28072398/SRR28072398.fastq.gz
GSM8101627;SRR28072397;;;;GBM_patient5_EC_bulkRNA-seq;;;;ftp://ftp.sra.ebi.ac.uk/vol1/fastq/SRR280/097/SRR28072397/SRR28072397.fastq.gz
GSM8101628;SRR28072396;;;;GBM_patient6_EC_bulkRNA-seq;;;;ftp://ftp.sra.ebi.ac.uk/vol1/fastq/SRR280/096/SRR28072396/SRR28072396.fastq.gz
GSM8101554;SRR17720154;MET;sorted scRNA_seq;5;MET_patient1_EC;Adult;brain;Endothelial cells;ftp://ftp.sra.ebi.ac.uk/vol1/fastq/SRR177/054/SRR17720154/SRR17720154.fastq.gz
GSM8101555;SRR17720153;;;;MET_patient2_EC;;;;ftp://ftp.sra.ebi.ac.uk/vol1/fastq/SRR177/053/SRR17720153/SRR17720153.fastq.gz
GSM8101556;SRR17720152;;;;MET_patient3_EC;;;;ftp://ftp.sra.ebi.ac.uk/vol1/fastq/SRR177/052/SRR17720152/SRR17720152.fastq.gz
GSM8101557;SRR17720150;;;;MET_patient4_EC;;;;ftp://ftp.sra.ebi.ac.uk/vol1/fastq/SRR177/050/SRR17720150/SRR17720150.fastq.gz
GSM8101558;SRR17720149;;;;MET_patient5_EC;;;;ftp://ftp.sra.ebi.ac.uk/vol1/fastq/SRR177/049/SRR17720149/SRR17720149.fastq.gz
GSM8101587;SRR17720163;MET;unsorted scRNA_seq;3;MET_patient3_all cells;Adult;brain;Perivascular and other tissue derived cells;ftp://ftp.sra.ebi.ac.uk/vol1/fastq/SRR177/063/SRR17720163/SRR17720163.fastq.gz
GSM8101588;SRR17720162;;;;MET_patient4_all cells;;;;ftp://ftp.sra.ebi.ac.uk/vol1/fastq/SRR177/062/SRR17720162/SRR17720162.fastq.gz
GSM8101589;SRR17720161;;;;MET_patient5_all cells;;;;ftp://ftp.sra.ebi.ac.uk/vol1/fastq/SRR177/061/SRR17720161/SRR17720161.fastq.gz
GSM8101629;SRR28072395;MET;sorted bulkRNA_seq;5;MET_patient1_EC_bulkRNA-seq;Adult;brain metastasis;Endothelial cells;ftp://ftp.sra.ebi.ac.uk/vol1/fastq/SRR280/095/SRR28072395/SRR28072395.fastq.gz
GSM8101630;SRR28072394;;;;MET_patient2_EC_bulkRNA-seq;;;;ftp://ftp.sra.ebi.ac.uk/vol1/fastq/SRR280/094/SRR28072394/SRR28072394.fastq.gz
GSM8101631;SRR28072393;;;;MET_patient3_EC_bulkRNA-seq;;;;ftp://ftp.sra.ebi.ac.uk/vol1/fastq/SRR280/093/SRR28072393/SRR28072393.fastq.gz
GSM8101632;SRR28072392;;;;MET_patient4_EC_bulkRNA-seq;;;;ftp://ftp.sra.ebi.ac.uk/vol1/fastq/SRR280/092/SRR28072392/SRR28072392.fastq.gz
GSM8101633;SRR28072391;;;;MET_patient5_EC_bulkRNA-seq;;;;ftp://ftp.sra.ebi.ac.uk/vol1/fastq/SRR280/091/SRR28072391/SRR28072391.fastq.gz
GSM8101559;SRR17720148;MEN;sorted scRNA_seq;5;MEN_patient1_EC;Adult;brain;Endothelial cells;ftp://ftp.sra.ebi.ac.uk/vol1/fastq/SRR177/048/SRR17720148/SRR17720148.fastq.gz
GSM8101560;SRR17720147;;;;MEN_patient2_EC;;;;ftp://ftp.sra.ebi.ac.uk/vol1/fastq/SRR177/047/SRR17720147/SRR17720147.fastq.gz
GSM8101561;SRR17720146;;;;MEN_patient3_EC;;;;ftp://ftp.sra.ebi.ac.uk/vol1/fastq/SRR177/046/SRR17720146/SRR17720146.fastq.gz
GSM8101562;SRR17720145;;;;MEN_patient4_EC;;;;ftp://ftp.sra.ebi.ac.uk/vol1/fastq/SRR177/045/SRR17720145/SRR17720145.fastq.gz
GSM8101563;SRR17720223;;;;MEN_patient5_EC;;;;ftp://ftp.sra.ebi.ac.uk/vol1/fastq/SRR177/023/SRR17720223/SRR17720223.fastq.gz
GSM8101590;SRR17720160;MEN;unsorted scRNA_seq;3;MEN_patient3_all cells;Adult;brain;Perivascular and other tissue derived cells;ftp://ftp.sra.ebi.ac.uk/vol1/fastq/SRR177/060/SRR17720160/SRR17720160.fastq.gz
GSM8101591;SRR17720158;;;;MEN_patient4_all cells;;;;ftp://ftp.sra.ebi.ac.uk/vol1/fastq/SRR177/058/SRR17720158/SRR17720158.fastq.gz
GSM8101592;SRR17720187;;;;MEN_patient5_all cells;;;;ftp://ftp.sra.ebi.ac.uk/vol1/fastq/SRR177/087/SRR17720187/SRR17720187.fastq.gz
GSM8101634;SRR28072390;MEN;sorted bulkRNA_seq;6;MEN_patient1_EC_bulkRNA-seq;Adult;meningioma;Endothelial cells;ftp://ftp.sra.ebi.ac.uk/vol1/fastq/SRR280/090/SRR28072390/SRR28072390.fastq.gz
GSM8101635;SRR28072389;;;;MEN_patient2_EC_bulkRNA-seq;;;;ftp://ftp.sra.ebi.ac.uk/vol1/fastq/SRR280/089/SRR28072389/SRR28072389.fastq.gz
GSM8101636;SRR28072388;;;;MEN_patient3_EC_bulkRNA-seq;;;;ftp://ftp.sra.ebi.ac.uk/vol1/fastq/SRR280/088/SRR28072388/SRR28072388.fastq.gz
GSM8101637;SRR28072387;;;;MEN_patient4_EC_bulkRNA-seq;;;;ftp://ftp.sra.ebi.ac.uk/vol1/fastq/SRR280/087/SRR28072387/SRR28072387.fastq.gz
GSM8101638;SRR28072386;;;;MEN_patient5_EC_bulkRNA-seq;;;;ftp://ftp.sra.ebi.ac.uk/vol1/fastq/SRR280/086/SRR28072386/SRR28072386.fastq.gz
GSM8101639;SRR28072385;;;;MEN_patient6_EC_bulkRNA-seq;;;;ftp://ftp.sra.ebi.ac.uk/vol1/fastq/SRR280/085/SRR28072385/SRR28072385.fastq.gz
GSM8101540;SRR17720182;AVM;sorted scRNA_seq;5;AVM_patient1_EC;Adult;brain;Endothelial cells;ftp://ftp.sra.ebi.ac.uk/vol1/fastq/SRR177/082/SRR17720182/SRR17720182.fastq.gz
GSM8101541;SRR17720194;;;;AVM_patient2_EC;;;;ftp://ftp.sra.ebi.ac.uk/vol1/fastq/SRR177/094/SRR17720194/SRR17720194.fastq.gz
GSM8101542;SRR17720181;;;;AVM_patient3_EC;;;;ftp://ftp.sra.ebi.ac.uk/vol1/fastq/SRR177/081/SRR17720181/SRR17720181.fastq.gz
GSM8101543;SRR17720179;;;;AVM_patient4_EC;;;;ftp://ftp.sra.ebi.ac.uk/vol1/fastq/SRR177/079/SRR17720179/SRR17720179.fastq.gz
GSM8101544;SRR17720180;;;;AVM_patient5_EC;;;;ftp://ftp.sra.ebi.ac.uk/vol1/fastq/SRR177/080/SRR17720180/SRR17720180.fastq.gz
GSM8101575;SRR17720206;AVM;unsorted scRNA_seq;3;AVM_patient3_all cells;Adult;brain;Perivascular and other tissue derived cells;ftp://ftp.sra.ebi.ac.uk/vol1/fastq/SRR177/006/SRR17720206/SRR17720206.fastq.gz
GSM8101576;SRR17720205;;;;AVM_patient4_all cells;;;;ftp://ftp.sra.ebi.ac.uk/vol1/fastq/SRR177/005/SRR17720205/SRR17720205.fastq.gz
GSM8101577;SRR17720204;;;;AVM_patient5_all cells;;;;ftp://ftp.sra.ebi.ac.uk/vol1/fastq/SRR177/004/SRR17720204/SRR17720204.fastq.gz
GSM8101612;SRR28072412;AVM;sorted bulkRNA_seq;7;AVM_patient1_EC_bulkRNA-seq;Adult;brain arteriovenous malformations;Endothelial cells;ftp://ftp.sra.ebi.ac.uk/vol1/fastq/SRR280/012/SRR28072412/SRR28072412.fastq.gz
GSM8101613;SRR28072411;;;;AVM_patient2_EC_bulkRNA-seq;;;;ftp://ftp.sra.ebi.ac.uk/vol1/fastq/SRR280/011/SRR28072411/SRR28072411.fastq.gz
GSM8101614;SRR28072410;;;;AVM_patient3_EC_bulkRNA-seq;;;;ftp://ftp.sra.ebi.ac.uk/vol1/fastq/SRR280/010/SRR28072410/SRR28072410.fastq.gz
GSM8101615;SRR28072409;;;;AVM_patient4_EC_bulkRNA-seq;;;;ftp://ftp.sra.ebi.ac.uk/vol1/fastq/SRR280/009/SRR28072409/SRR28072409.fastq.gz
GSM8101616;SRR28072408;;;;AVM_patient5_EC_bulkRNA-seq;;;;ftp://ftp.sra.ebi.ac.uk/vol1/fastq/SRR280/008/SRR28072408/SRR28072408.fastq.gz
GSM8101617;SRR28072407;;;;AVM_patient6_EC_bulkRNA-seq;;;;ftp://ftp.sra.ebi.ac.uk/vol1/fastq/SRR280/007/SRR28072407/SRR28072407.fastq.gz
GSM8101618;SRR28072406;;;;AVM_patient7_EC_bulkRNA-seq;;;;ftp://ftp.sra.ebi.ac.uk/vol1/fastq/SRR280/006/SRR28072406/SRR28072406.fastq.gz
