SRR_ID;Experiment_Name;Condition_Group;Category;Sample_Name;DL_Status;DL_JobID;Fastq_Dir;CR_Status;CR_JobID;CR_Out_Dir;Split_Count;Is_Duplicate
SRR17720186;FETAL_brain_IND1_EC;FETAL_brain;sorted;FETAL_brain_IND1_EC;COMPLETED;144402;/home/gahe00001/natpro/data_fastqs/FETAL_brain/sorted/FETAL_brain_IND1_EC;PENDING;;;;
SRR17720184;FETAL_brain_IND2_IND3_EC;FETAL_brain;sorted;FETAL_brain_IND2_IND3_EC;COMPLETED;144403;/home/gahe00001/natpro/data_fastqs/FETAL_brain/sorted/FETAL_brain_IND2_IND3_EC;PENDING;;;;
SRR17720199;FETAL_brain_IND4_EC;FETAL_brain;sorted;FETAL_brain_IND4_EC;COMPLETED;144404;/home/gahe00001/natpro/data_fastqs/FETAL_brain/sorted/FETAL_brain_IND4_EC;PENDING;;;;
SRR17720198;FETAL_brain_IND5_EC;FETAL_brain;sorted;FETAL_brain_IND5_EC;COMPLETED;144405;/home/gahe00001/natpro/data_fastqs/FETAL_brain/sorted/FETAL_brain_IND5_EC;PENDING;;;;
SRR17720222;FETAL_brain_1_all_cells;FETAL_brain;unsorted;FETAL_brain_1_all_cells;PENDING;;;PENDING;;;;
SRR17720221;FETAL_brain_2_all_cells;FETAL_brain;unsorted;FETAL_brain_2_all_cells;SUBMITTED;144407;;PENDING;;;;
SRR17720220;FETAL_brain_3_all_cells;FETAL_brain;unsorted;FETAL_brain_3_all_cells;PENDING;;;PENDING;;;;
SRR17720218;FETAL_brain_4_all_cells;FETAL_brain;unsorted;FETAL_brain_4_all_cells;PENDING;;;PENDING;;;;
SRR17720217;FETAL_brain_5_all_cells;FETAL_brain;unsorted;FETAL_brain_5_all_cells;PENDING;;PENDING;PENDING;;;;
SRR28072449;FETAL_brain_6_all_cells;FETAL_brain;unsorted;FETAL_brain_6_all_cells;SUBMITTED;;;PENDING;;;;
SRR28072450;FETAL_brain_6_all_cells;FETAL_brain;unsorted;FETAL_brain_6_all_cells;COMPLETED;;;PENDING;;;;duplicate
SRR28072447;FETAL_brain_8_all_cells;FETAL_brain;unsorted;FETAL_brain_8_all_cells;PENDING;;;PENDING;;;;
SRR28072448;FETAL_brain_8_all_cells;FETAL_brain;unsorted;FETAL_brain_8_all_cells;COMPLETED;;;PENDING;;;;duplicate
SRR17720224;FETAL_periphery_IND2_EC;FETAL_periphery;sorted;FETAL_periphery_IND2_EC;COMPLETED;144415;/home/gahe00001/natpro/data_fastqs/FETAL_periphery/sorted/FETAL_periphery_IND2_EC;PENDING;;;;
SRR17720200;FETAL_periphery_IND3_EC;FETAL_periphery;sorted;FETAL_periphery_IND3_EC;COMPLETED;144475;/home/gahe00001/natpro/data_fastqs/FETAL_periphery/sorted/FETAL_periphery_IND3_EC;PENDING;;;3;
SRR17720188;FETAL_periphery_IND4_EC;FETAL_periphery;sorted;FETAL_periphery_IND4_EC;COMPLETED;144476;/home/gahe00001/natpro/data_fastqs/FETAL_periphery/sorted/FETAL_periphery_IND4_EC;PENDING;;;4;
SRR17720151;FETAL_periphery_IND5.1_EC;FETAL_periphery;sorted;FETAL_periphery_IND5.1_EC;RUNNING_GZIPPING;144477;;PENDING;;;4;
SRR17720219;FETAL_periphery_IND5.2_EC;FETAL_periphery;sorted;FETAL_periphery_IND5.2_EC;COMPLETED;144478;/home/gahe00001/natpro/data_fastqs/FETAL_periphery/sorted/FETAL_periphery_IND5.2_EC;PENDING;;;4;
SRR17720208;FETAL_periphery_IND5.3_EC;FETAL_periphery;sorted;FETAL_periphery_IND5.3_EC;COMPLETED;144479;/home/gahe00001/natpro/data_fastqs/FETAL_periphery/sorted/FETAL_periphery_IND5.3_EC;PENDING;;;4;
SRR17720175;FETAL_periphery_IND5_EC;FETAL_periphery;sorted;FETAL_periphery_IND5_EC;COMPLETED;144480;/home/gahe00001/natpro/data_fastqs/FETAL_periphery/sorted/FETAL_periphery_IND5_EC;PENDING;;;4;
SRR17720168;FETAL_periphery_IND6_EC;FETAL_periphery;sorted;FETAL_periphery_IND6_EC;COMPLETED;144468;/home/gahe00001/natpro/data_fastqs/FETAL_periphery/sorted/FETAL_periphery_IND6_EC;PENDING;;;4;
SRR28072443;TL_patient10_EC_1;TL;sorted;TL_patient10_EC_1;COMPLETED;144469;/home/gahe00001/natpro/data_fastqs/TL/sorted/TL_patient10_EC_1;PENDING;;;3;
SRR28072444;TL_patient10_EC_1;TL;sorted;TL_patient10_EC_1;COMPLETED;144470;/home/gahe00001/natpro/data_fastqs/TL/sorted/TL_patient10_EC_1;PENDING;;;3;duplicate
SRR28072445;TL_patient10_EC_1;TL;sorted;TL_patient10_EC_1;COMPLETED;144471;/home/gahe00001/natpro/data_fastqs/TL/sorted/TL_patient10_EC_1;PENDING;;;3;duplicate
SRR28072446;TL_patient10_EC_1;TL;sorted;TL_patient10_EC_1;COMPLETED;144472;/home/gahe00001/natpro/data_fastqs/TL/sorted/TL_patient10_EC_1;PENDING;;;3;duplicate
SRR28072439;TL_patient10_EC_2;TL;sorted;TL_patient10_EC_2;COMPLETED;144473;/home/gahe00001/natpro/data_fastqs/TL/sorted/TL_patient10_EC_2;PENDING;;;3;
SRR28072440;TL_patient10_EC_2;TL;sorted;TL_patient10_EC_2;COMPLETED;;;COMPLETED;;Duplicate;;duplicate
SRR28072441;TL_patient10_EC_2;TL;sorted;TL_patient10_EC_2;COMPLETED;;;COMPLETED;;Duplicate;;duplicate
SRR28072442;TL_patient10_EC_2;TL;sorted;TL_patient10_EC_2;COMPLETED;;;COMPLETED;;Duplicate;;duplicate
SRR17720195;TL_patient3_EC;TL;sorted;TL_patient3_EC;RUNNING_GZIPPING;144522;;PENDING;;;3;
SRR17720193;TL_patient4_EC;TL;sorted;TL_patient4_EC;COMPLETED;144523;/home/gahe00001/natpro/data_fastqs/TL/sorted/TL_patient4_EC;PENDING;;;3;
SRR17720192;TL_patient5_EC;TL;sorted;TL_patient5_EC;COMPLETED;144524;/home/gahe00001/natpro/data_fastqs/TL/sorted/TL_patient5_EC;PENDING;;;3;
SRR17720191;TL_patient6_EC;TL;sorted;TL_patient6_EC;COMPLETED;144525;/home/gahe00001/natpro/data_fastqs/TL/sorted/TL_patient6_EC;PENDING;;;3;
SRR28072467;TL_patient7_EC;TL;sorted;TL_patient7_EC;COMPLETED;144526;/home/gahe00001/natpro/data_fastqs/TL/sorted/TL_patient7_EC;PENDING;;;3;
SRR28072474;TL_patient9_EC_1;TL;sorted;TL_patient9_EC_1;COMPLETED;144527;/home/gahe00001/natpro/data_fastqs/TL/sorted/TL_patient9_EC_1;PENDING;;;3;
SRR28072475;TL_patient9_EC_1;TL;sorted;TL_patient9_EC_1;COMPLETED;144504;;PENDING;;;;duplicate
SRR28072476;TL_patient9_EC_1;TL;sorted;TL_patient9_EC_1;COMPLETED;144505;;PENDING;;;;duplicate
SRR28072477;TL_patient9_EC_1;TL;sorted;TL_patient9_EC_1;COMPLETED;144506;;PENDING;;;;duplicate
SRR28072468;TL_patient9_EC_2;TL;sorted;TL_patient9_EC_2;COMPLETED;144528;/home/gahe00001/natpro/data_fastqs/TL/sorted/TL_patient9_EC_2;PENDING;;;3;
SRR28072469;TL_patient9_EC_2;TL;sorted;TL_patient9_EC_2;COMPLETED;;;PENDING;;;;duplicate
SRR28072478;TL_patient9_EC_2;TL;sorted;TL_patient9_EC_2;COMPLETED;;;PENDING;;;;duplicate
SRR28072479;TL_patient9_EC_2;TL;sorted;TL_patient9_EC_2;COMPLETED;;;PENDING;;;;duplicate
SRR17720211;TL_patient10_all_cells;TL;unsorted;TL_patient10_all_cells;PENDING;;;PENDING;;;;
SRR28072435;TL_patient10_all_cells_1;TL;unsorted;TL_patient10_all_cells_1;PENDING;;;PENDING;;;;
SRR28072436;TL_patient10_all_cells_1;TL;unsorted;TL_patient10_all_cells_1;COMPLETED;;;PENDING;;;;duplicate
SRR28072437;TL_patient10_all_cells_1;TL;unsorted;TL_patient10_all_cells_1;COMPLETED;;;PENDING;;;;duplicate
SRR28072438;TL_patient10_all_cells_1;TL;unsorted;TL_patient10_all_cells_1;COMPLETED;;;PENDING;;;;duplicate
SRR28072431;TL_patient10_all_cells_2;TL;unsorted;TL_patient10_all_cells_2;PENDING;;;PENDING;;;;
SRR28072432;TL_patient10_all_cells_2;TL;unsorted;TL_patient10_all_cells_2;COMPLETED;;;PENDING;;;;duplicate
SRR28072433;TL_patient10_all_cells_2;TL;unsorted;TL_patient10_all_cells_2;COMPLETED;;;PENDING;;;;duplicate
SRR28072434;TL_patient10_all_cells_2;TL;unsorted;TL_patient10_all_cells_2;COMPLETED;;;PENDING;;;;duplicate
SRR17720216;TL_patient5_all_cells;TL;unsorted;TL_patient5_all_cells;PENDING;;;PENDING;;;;
SRR17720214;TL_patient7_all_cells;TL;unsorted;TL_patient7_all_cells;PENDING;;;PENDING;;;;
SRR17720213;TL_patient8_all_cells;TL;unsorted;TL_patient8_all_cells;PENDING;;;PENDING;;;;
SRR17720212;TL_patient9_all_cells;TL;unsorted;TL_patient9_all_cells;PENDING;;;PENDING;;;;
SRR28072470;TL_patient9_all_cells_1;TL;unsorted;TL_patient9_all_cells_1;PENDING;;;PENDING;;;;
SRR28072471;TL_patient9_all_cells_1;TL;unsorted;TL_patient9_all_cells_1;COMPLETED;;;PENDING;;;;duplicate
SRR28072472;TL_patient9_all_cells_1;TL;unsorted;TL_patient9_all_cells_1;COMPLETED;;;PENDING;;;;duplicate
SRR28072473;TL_patient9_all_cells_1;TL;unsorted;TL_patient9_all_cells_1;COMPLETED;;;PENDING;;;;duplicate
SRR28072463;TL_patient9_all_cells_2;TL;unsorted;TL_patient9_all_cells_2;PENDING;;;PENDING;;;;
SRR28072464;TL_patient9_all_cells_2;TL;unsorted;TL_patient9_all_cells_2;COMPLETED;;;PENDING;;;;duplicate
SRR28072465;TL_patient9_all_cells_2;TL;unsorted;TL_patient9_all_cells_2;COMPLETED;;;PENDING;;;;duplicate
SRR28072466;TL_patient9_all_cells_2;TL;unsorted;TL_patient9_all_cells_2;COMPLETED;;;PENDING;;;;duplicate
SRR28072415;TL_patient1_EC_bulkRNA-seq;TL;bulkRNA;TL_patient1_EC_bulkRNA-seq;PENDING;;;PENDING;;;;
SRR28072414;TL_patient2_EC_bulkRNA-seq;TL;bulkRNA;TL_patient2_EC_bulkRNA-seq;PENDING;;;PENDING;;;;
SRR28072413;TL_patient3_EC_bulkRNA-seq;TL;bulkRNA;TL_patient3_EC_bulkRNA-seq;PENDING;;;PENDING;;;;
SRR17720159;LGG_patient1_EC;LGG;sorted;LGG_patient1_EC;COMPLETED;144512;/home/gahe00001/natpro/data_fastqs/LGG/sorted/LGG_patient1_EC;PENDING;;;3;
SRR17720157;LGG_patient2_EC;LGG;sorted;LGG_patient2_EC;COMPLETED;144542;/home/gahe00001/natpro/data_fastqs/LGG/sorted/LGG_patient2_EC;PENDING;;;3;
SRR17720156;LGG_patient3_EC;LGG;sorted;LGG_patient3_EC;COMPLETED;144514;/home/gahe00001/natpro/data_fastqs/LGG/sorted/LGG_patient3_EC;PENDING;;;3;
SRR28072462;LGG_patient5_EC;LGG;sorted;LGG_patient5_EC;COMPLETED;144515;/home/gahe00001/natpro/data_fastqs/LGG/sorted/LGG_patient5_EC;PENDING;;;3;
SRR28072458;LGG_patient6_EC;LGG;sorted;LGG_patient6_EC;COMPLETED;144516;/home/gahe00001/natpro/data_fastqs/LGG/sorted/LGG_patient6_EC;PENDING;;;4;
SRR28072459;LGG_patient6_EC;LGG;sorted;LGG_patient6_EC;COMPLETED;;;PENDING;;;;duplicate
SRR28072460;LGG_patient6_EC;LGG;sorted;LGG_patient6_EC;COMPLETED;;;PENDING;;;;duplicate
SRR28072461;LGG_patient6_EC;LGG;sorted;LGG_patient6_EC;COMPLETED;;;PENDING;;;;duplicate
SRR17720202;LGG_patient3_all_cells;LGG;unsorted;LGG_patient3_all_cells;PENDING;;;PENDING;;;;
SRR17720201;LGG_patient4_all_cells;LGG;unsorted;LGG_patient4_all_cells;PENDING;;;PENDING;;;;
SRR17720171;LGG_patient5_all_cells;LGG;unsorted;LGG_patient5_all_cells;PENDING;;;PENDING;;;;
SRR17720170;LGG_patient6_all_cells;LGG;unsorted;LGG_patient6_all_cells;PENDING;;;PENDING;;;;
SRR18148883;LGG_patient6_all_cells;LGG;unsorted;LGG_patient6_all_cells;COMPLETED;;;PENDING;;;;duplicate
SRR28072405;LGG_patient1_EC_bulkRNA-seq;LGG;bulkRNA;LGG_patient1_EC_bulkRNA-seq;PENDING;;;PENDING;;;;
SRR28072404;LGG_patient2_EC_bulkRNA-seq;LGG;bulkRNA;LGG_patient2_EC_bulkRNA-seq;PENDING;;;PENDING;;;;
SRR28072403;LGG_patient3_EC_bulkRNA-seq;LGG;bulkRNA;LGG_patient3_EC_bulkRNA-seq;PENDING;;;PENDING;;;;
SRR28072402;LGG_patient4_EC_bulkRNA-seq;LGG;bulkRNA;LGG_patient4_EC_bulkRNA-seq;PENDING;;;PENDING;;;;
SRR17720177;GBM_patient1_EC;GBM;sorted;GBM_patient1_EC;SUBMITTED;144572;;PENDING;;;;
SRR17720174;GBM_patient3_EC;GBM;sorted;GBM_patient3_EC;RUNNING_GZIPPING;144543;;PENDING;;;3;
SRR17720173;GBM_patient4_EC;GBM;sorted;GBM_patient4_EC;SUBMITTED;144573;;PENDING;;;;
SRR17720172;GBM_patient5_EC;GBM;sorted;GBM_patient5_EC;RUNNING_DOWNLOADING;144545;;PENDING;;;;
SRR28072452;GBM_patient6_EC;GBM;sorted;GBM_patient6_EC;COMPLETED;144546;/home/gahe00001/natpro/data_fastqs/GBM/sorted/GBM_patient6_EC;PENDING;;;3;
SRR28072453;GBM_patient6_EC;GBM;sorted;GBM_patient6_EC;COMPLETED;;;PENDING;;;;duplicate
SRR28072454;GBM_patient6_EC;GBM;sorted;GBM_patient6_EC;COMPLETED;;;PENDING;;;;duplicate
SRR28072455;GBM_patient6_EC;GBM;sorted;GBM_patient6_EC;COMPLETED;;;PENDING;;;;duplicate
SRR28072456;GBM_patient7_EC;GBM;sorted;GBM_patient7_EC;SUBMITTED;144574;;PENDING;;;;
SRR28072457;GBM_patient7_EC;GBM;sorted;GBM_patient7_EC;COMPLETED;;;PENDING;;;;duplicate
SRR28072430;GBM_patient8_EC;GBM;sorted;GBM_patient8_EC;SUBMITTED;144575;;PENDING;;;;
SRR28072451;GBM_patient8_EC;GBM;sorted;GBM_patient8_EC;COMPLETED;;;PENDING;;;;duplicate
SRR17720169;GBM_patient3_all_cells;GBM;unsorted;GBM_patient3_all_cells;PENDING;;;PENDING;;;;
SRR17720167;GBM_patient4_all_cells;GBM;unsorted;GBM_patient4_all_cells;PENDING;;;PENDING;;;;
SRR17720166;GBM_patient5_all_cells;GBM;unsorted;GBM_patient5_all_cells;PENDING;;;PENDING;;;;
SRR17720165;GBM_patient6_all_cells;GBM;unsorted;GBM_patient6_all_cells;PENDING;;;PENDING;;;;
SRR17720164;GBM_patient7_all_cells;GBM;unsorted;GBM_patient7_all_cells;PENDING;;;PENDING;;;;
SRR28072401;GBM_patient1_EC_bulkRNA-seq;GBM;bulkRNA;GBM_patient1_EC_bulkRNA-seq;PENDING;;;PENDING;;;;
SRR28072400;GBM_patient2_EC_bulkRNA-seq;GBM;bulkRNA;GBM_patient2_EC_bulkRNA-seq;PENDING;;;PENDING;;;;
SRR28072399;GBM_patient3_EC_bulkRNA-seq;GBM;bulkRNA;GBM_patient3_EC_bulkRNA-seq;PENDING;;;PENDING;;;;
SRR28072398;GBM_patient4_EC_bulkRNA-seq;GBM;bulkRNA;GBM_patient4_EC_bulkRNA-seq;PENDING;;;PENDING;;;;
SRR28072397;GBM_patient5_EC_bulkRNA-seq;GBM;bulkRNA;GBM_patient5_EC_bulkRNA-seq;PENDING;;;PENDING;;;;
SRR28072396;GBM_patient6_EC_bulkRNA-seq;GBM;bulkRNA;GBM_patient6_EC_bulkRNA-seq;PENDING;;;PENDING;;;;
SRR17720154;MET_patient1_EC;MET;sorted;MET_patient1_EC;SUBMITTED;144576;;PENDING;;;;
SRR17720153;MET_patient2_EC;MET;sorted;MET_patient2_EC;SUBMITTED;144577;;PENDING;;;;
SRR17720152;MET_patient3_EC;MET;sorted;MET_patient3_EC;SUBMITTED;144578;;PENDING;;;;
SRR17720150;MET_patient4_EC;MET;sorted;MET_patient4_EC;SUBMITTED;144579;;PENDING;;;;
SRR17720149;MET_patient5_EC;MET;sorted;MET_patient5_EC;SUBMITTED;144580;;PENDING;;;;
SRR17720163;MET_patient3_all_cells;MET;unsorted;MET_patient3_all_cells;PENDING;;;PENDING;;;;
SRR17720162;MET_patient4_all_cells;MET;unsorted;MET_patient4_all_cells;PENDING;;;PENDING;;;;
SRR17720161;MET_patient5_all_cells;MET;unsorted;MET_patient5_all_cells;PENDING;;;PENDING;;;;
SRR28072395;MET_patient1_EC_bulkRNA-seq;MET;bulkRNA;MET_patient1_EC_bulkRNA-seq;PENDING;;;PENDING;;;;
SRR28072394;MET_patient2_EC_bulkRNA-seq;MET;bulkRNA;MET_patient2_EC_bulkRNA-seq;PENDING;;;PENDING;;;;
SRR28072393;MET_patient3_EC_bulkRNA-seq;MET;bulkRNA;MET_patient3_EC_bulkRNA-seq;PENDING;;;PENDING;;;;
SRR28072392;MET_patient4_EC_bulkRNA-seq;MET;bulkRNA;MET_patient4_EC_bulkRNA-seq;PENDING;;;PENDING;;;;
SRR28072391;MET_patient5_EC_bulkRNA-seq;MET;bulkRNA;MET_patient5_EC_bulkRNA-seq;PENDING;;;PENDING;;;;
SRR17720148;MEN_patient1_EC;MEN;sorted;MEN_patient1_EC;SUBMITTED;144581;;PENDING;;;;
SRR17720146;MEN_patient3_EC;MEN;sorted;MEN_patient3_EC;PENDING;;;PENDING;;;;
SRR17720145;MEN_patient4_EC;MEN;sorted;MEN_patient4_EC;PENDING;;;PENDING;;;;
SRR17720223;MEN_patient5_EC;MEN;sorted;MEN_patient5_EC;PENDING;;;PENDING;;;;
SRR17720160;MEN_patient3_all_cells;MEN;unsorted;MEN_patient3_all_cells;PENDING;;;PENDING;;;;
SRR17720158;MEN_patient4_all_cells;MEN;unsorted;MEN_patient4_all_cells;PENDING;;;PENDING;;;;
SRR17720187;MEN_patient5_all_cells;MEN;unsorted;MEN_patient5_all_cells;PENDING;;;PENDING;;;;
SRR28072390;MEN_patient1_EC_bulkRNA-seq;MEN;bulkRNA;MEN_patient1_EC_bulkRNA-seq;PENDING;;;PENDING;;;;
SRR28072389;MEN_patient2_EC_bulkRNA-seq;MEN;bulkRNA;MEN_patient2_EC_bulkRNA-seq;PENDING;;;PENDING;;;;
SRR28072388;MEN_patient3_EC_bulkRNA-seq;MEN;bulkRNA;MEN_patient3_EC_bulkRNA-seq;PENDING;;;PENDING;;;;
SRR28072387;MEN_patient4_EC_bulkRNA-seq;MEN;bulkRNA;MEN_patient4_EC_bulkRNA-seq;PENDING;;;PENDING;;;;
SRR28072386;MEN_patient5_EC_bulkRNA-seq;MEN;bulkRNA;MEN_patient5_EC_bulkRNA-seq;PENDING;;;PENDING;;;;
SRR28072385;MEN_patient6_EC_bulkRNA-seq;MEN;bulkRNA;MEN_patient6_EC_bulkRNA-seq;PENDING;;;PENDING;;;;
SRR17720182;AVM_patient1_EC;AVM;sorted;AVM_patient1_EC;PENDING;;;PENDING;;;;
SRR17720194;AVM_patient2_EC;AVM;sorted;AVM_patient2_EC;PENDING;;;PENDING;;;;
SRR17720181;AVM_patient3_EC;AVM;sorted;AVM_patient3_EC;PENDING;;;PENDING;;;;
SRR17720179;AVM_patient4_EC;AVM;sorted;AVM_patient4_EC;PENDING;;;PENDING;;;;
SRR17720180;AVM_patient5_EC;AVM;sorted;AVM_patient5_EC;PENDING;;;PENDING;;;;
SRR17720206;AVM_patient3_all_cells;AVM;unsorted;AVM_patient3_all_cells;PENDING;;;PENDING;;;;
SRR17720205;AVM_patient4_all_cells;AVM;unsorted;AVM_patient4_all_cells;PENDING;;;PENDING;;;;
SRR17720204;AVM_patient5_all_cells;AVM;unsorted;AVM_patient5_all_cells;PENDING;;;PENDING;;;;
SRR28072412;AVM_patient1_EC_bulkRNA-seq;AVM;bulkRNA;AVM_patient1_EC_bulkRNA-seq;PENDING;;;PENDING;;;;
SRR28072411;AVM_patient2_EC_bulkRNA-seq;AVM;bulkRNA;AVM_patient2_EC_bulkRNA-seq;PENDING;;;PENDING;;;;
SRR28072410;AVM_patient3_EC_bulkRNA-seq;AVM;bulkRNA;AVM_patient3_EC_bulkRNA-seq;PENDING;;;PENDING;;;;
SRR28072409;AVM_patient4_EC_bulkRNA-seq;AVM;bulkRNA;AVM_patient4_EC_bulkRNA-seq;PENDING;;;PENDING;;;;
SRR28072408;AVM_patient5_EC_bulkRNA-seq;AVM;bulkRNA;AVM_patient5_EC_bulkRNA-seq;PENDING;;;PENDING;;;;
SRR28072407;AVM_patient6_EC_bulkRNA-seq;AVM;bulkRNA;AVM_patient6_EC_bulkRNA-seq;PENDING;;;PENDING;;;;
SRR28072406;AVM_patient7_EC_bulkRNA-seq;AVM;bulkRNA;AVM_patient7_EC_bulkRNA-seq;PENDING;;;PENDING;;;;
