Severity_Score,PLVAP,ESM1,CD93,COL4A1,COL4A2,HSPG2,PXDN,MKI67,TOP2A,VEGFA,ANGPT2,CLDN5,MFSD2A,SLC2A1,ABCG2,BSG,CD320,SLC38A5,CDH5,VWF,CD74,HLA-DRA,HLA-DRB1,HLA-DPA1,SOX17,ETS1,LEF1,TCF7,MYC
0.0,2.3500474455318e-08,0.08653911640491874,3.4670882206875495,2.1451556927917226,3.8980779021012095,2.810671656053845,0.3850273397864683,-6.139645458702603e-09,0.023078973300877603,-3.4637561707739906e-09,3.6231765538965783,9.448651937299697,7.426510756436981,8.437368200093928,7.667461034640606,8.131156503490102,7.084494988200799,7.674172841689295,4.608750839273004,6.26848798514902,5.518901912611626,5.3063348226637945,5.2650955843459375,5.4708947743411205,4.934360990256943,4.225654905591467,4.591950270955914,1.4302625511554519,2.023544086189956
0.01010101,0.24279377340279007,0.05548301604603689,3.488533101307813,2.256018847841225,3.927345923285575,2.851847356595691,0.490010562502031,0.016472450736431887,0.013137330214582965,-0.005911481364653248,3.2539620303134833,9.320963336307788,6.686092989226141,7.580732972327674,6.892062892180521,7.9612761864602835,6.770590657195341,6.92414810351676,4.496020801373751,6.374934043436479,5.445737609627224,5.454012853946826,5.204474151284594,5.336575698346323,4.60698528393676,4.120604307890919,4.126317927533236,1.2968800929400999,1.9101463708086615
0.02020202,0.4855871814470425,0.024426915687154827,3.5099781158154886,2.366882002890727,3.956613864670336,2.893023057137537,0.5949935234799701,0.03294483026613715,0.003195687128288327,-0.011823041974795778,2.8847475262892357,9.193274861554878,5.94567559832568,6.724097744561421,6.116664941970928,7.791396001561069,6.4566862034931685,6.174123365344228,4.383290763474499,6.481380101723939,5.372573342328061,5.601690885229857,5.143852750648568,5.202256622351524,4.27960970328738,4.015553710190371,3.660685584110558,1.1634976347247479,1.7967485392033153
0.030303031,0.7283809313493581,-0.006629056921417131,3.5314229964357526,2.477745157940229,3.985881885854702,2.9341986122531223,0.6999767461955329,0.049417287142214494,-0.006745955958006311,-0.017734519875692856,2.5155329635884445,9.065586260562968,5.2052576429596495,5.867462322511616,5.3412667995108425,7.621515816661855,6.142781811139352,5.424098627171693,4.270560725575247,6.587826178276962,5.299409039343659,5.749368932263036,5.083231350012542,5.067937514334425,3.9522340598025982,3.9105030980798885,3.1950531162261226,1.0301151573140102,1.683350823822021
0.04040404,0.9711743393936105,-0.03768515728029875,3.552868010943428,2.5886081677314485,4.015149827239463,2.975374312794968,0.8049598380422833,0.06588966667191976,-0.01668768956771216,-0.023645997776589933,2.146318479123045,8.937897785810057,4.464840252059189,5.010827289028914,4.565868849301249,7.451635499632037,5.828877541482252,4.674074080387172,4.157830687675995,6.694272218298858,5.226244772044496,5.89704694779592,5.022609884525882,4.933618470361928,3.6248584163178164,3.8054525147892746,2.7294208972652014,0.8967327182940439,1.5699529922166748
0.05050505,1.2139679183668943,-0.06874125763918082,3.574312891563692,2.699471322780951,4.044417848423828,3.016550013336814,0.9099429298890342,0.0823621235479971,-0.0266293326540068,-0.029557558386732463,1.7771039946576455,8.810209247937648,3.724422673003539,4.154192255546212,3.790471091342148,7.2817553147328224,5.514973210476795,3.92404953360265,4.0451006847834945,6.8007182948518805,5.153080469060094,6.044724931828508,4.961988548740491,4.79929939436713,3.2974828356684354,3.700401974728464,2.2637885538425233,0.7633502792740776,1.4565552768353804
0.060606062,1.45676166826921,-0.09979735799806289,3.5957577721839558,2.8103344778304526,4.073685789808589,3.0577257138786598,1.0149261526045967,0.09883458042407445,-0.03657097574030144,-0.03546903628762954,1.4078892754860708,8.682520646945738,2.984004529482318,3.297556444929305,3.0150725643810783,7.111874997703005,5.201068634077906,3.174024412654093,3.93237061187749,6.907164371404903,5.079916166075693,6.192403041862279,4.901367083253831,4.664980254327731,2.970107129348253,3.595351304978244,1.7981559614963307,0.6299677634725687,1.3431575614540863
0.07070707,1.6995550763134624,-0.13085333060663462,3.6172027866916316,2.921197487621672,4.102953810992956,3.0989012689942452,1.1199091135825354,0.11530695995377971,-0.046512618826596075,-0.04138051418852662,1.0386750257268464,8.554832235312325,2.243587514892238,2.440921800013705,2.2396751909229615,6.941994812803791,4.887164425769163,2.424000057257583,3.819640678998494,7.013610411426799,5.00675186309129,6.340080962894276,4.840745747468439,4.530661242377533,2.642731800040476,3.4903008081472366,1.3325241159206815,0.4965854012341451,1.2297598460727919
0.08080808,1.9423486552867464,-0.1619094309655167,3.6386476673118953,3.0320606426711745,4.132221832177321,3.140076969536091,1.2248923362980981,0.13177941682985705,-0.05645426191289071,-0.04729207479866915,0.6694603065552718,8.427143634320416,1.5031697476813974,1.5842863779639007,1.464276663961892,6.772114495773973,4.573260094763705,1.67397531908505,3.706910536078986,7.120056414917569,4.933587560106889,6.487759072928046,4.780124281981779,4.396342166382735,2.3153558423786893,3.385250138397016,0.866891523574489,0.3632028470418647,1.1163620144674458
0.09090909,2.1851424051890618,-0.1929655313243983,3.6600926818195707,3.1429239429789595,4.161489773562082,3.181252670077937,1.3298754281448488,0.1482517963595622,-0.06639590499918535,-0.05320355269956645,0.3002455873836971,8.299455033328506,0.7627516041601767,0.727650567346994,0.6888781370008221,6.602234178744155,4.259355518364817,0.9239498153604688,3.5941804631729815,7.2265025645328445,4.860423257122487,6.635437119961225,4.719502816495119,4.262022962298736,1.9879801360585068,3.2801995262865336,0.40125918015181083,0.2298204080218984,1.0029641828620997
0.1010101,2.414046632914164,-0.22014338777256492,3.6793649714100916,3.2487655191920393,4.184385477119668,3.2189555188062164,1.4331311825421509,0.17374353634529127,-0.06236489750872165,-0.04853263077135206,-0.032726117187229065,8.168188124802594,0.08773733363295344,-0.047242381982714576,-0.022558266722092046,6.43203225582521,3.96988267995237,0.240364277188998,3.484225025427028,7.30768765942527,4.80260617611741,6.7671942876767055,4.670676449313502,4.139592357452086,1.6868175996178192,3.1787860392591956,-0.017401793934247234,0.11115583901999737,0.912419835249048
0.11111111,2.517947981373367,-0.21241653802305205,3.6790841425640393,3.3094141932018624,4.14992984323861,3.2254028466386595,1.5208405072879778,0.2804088243178847,0.06742077988326778,0.05138071671131961,-0.03951225506015499,8.00471490204292,0.0013507701544863693,-0.0864589053380973,-0.15834709633113553,6.25893396401037,3.90029290678688,0.15472694571480972,3.399240043878456,7.161523700185569,4.882913807444353,6.7556635415329005,4.72800492926713,4.124157480581969,1.6215715813597575,3.110106274501992,-0.013319946143693695,0.12495302155919552,1.027557192238804
0.121212125,2.6218493298325702,-0.20468994377415894,3.678803313717987,3.3700627219534027,4.115474289157156,3.231850101757972,1.6085498320338047,0.3870741896368505,0.1972064572752571,0.15129398148474582,-0.046298392933081356,7.841241710842996,-0.08503541701360096,-0.1256750401263771,-0.29413554143919507,6.085835672195531,3.8307031336213897,0.06908923146459767,3.3142551323433875,7.01535981400812,4.963221438771297,6.7441327953890955,4.785333409220758,4.108722603711851,1.5563256887724979,3.0414265097447886,-0.009238098353139712,0.13875020409839367,1.1426945492285603
0.13131313,2.7257505073627413,-0.19696309402464562,3.678522484871935,3.4307112507049435,4.081018735075703,3.238297429590415,1.6962591567796317,0.49373940026307184,0.3269920441438354,0.2512071635489266,-0.05308484374757372,7.67776864588207,-0.17142160418168828,-0.16489117491465688,-0.4299239865472546,5.912737545543945,3.7611134831526143,-0.016548482785614826,3.2292702208083193,6.869195964361797,5.0435290700982405,6.73260204924529,4.842661889174385,4.0932877268417345,1.4910797961852382,2.9727467449875853,-0.005156250562586173,0.15254730985604914,1.2578317899942644
0.14141414,2.829651770357428,-0.18923649977575296,3.6782416560258833,3.491359779456484,4.046563180994249,3.2447447574228576,1.7839684815254586,0.6004046495624793,0.45677763101241375,0.3511204283223528,-0.059870981620500086,7.514295549361395,-0.25780816766015535,-0.20410730970293667,-0.5657124316553142,5.739639352827059,3.691523832683839,-0.10218581425980311,3.144285309273251,6.723032114715475,5.1238367014251835,6.721071303101484,4.899990369128013,4.077852849971617,1.4258339035979786,2.9040670378701194,-0.0010744027720326343,0.1663444923952473,1.3729690307599687
0.15151516,2.933553118816631,-0.18150965002623964,3.677960827179831,3.552008453466307,4.012107547113191,3.2511920852553002,1.8716779371400976,0.7070700922278171,0.5865634441895196,0.4510338171596472,-0.06665743243499245,7.3508221688029725,-0.3441943548282427,-0.24332344449121646,-0.7015012612643576,5.566540928881615,3.6219339368216334,-0.18782352851001516,3.059300257711175,6.5768680093512675,5.204144404122604,6.709540556957679,4.9573189139322755,4.0624179731015,1.360587759669115,2.8353872154731787,0.0030074450185213486,0.18014167493444555,1.4881063877497247
0.16161616,3.0374543818113184,-0.17378305577734654,3.6776799983337787,3.612656982217848,3.977651993031737,3.257639340374613,1.9593872618859245,0.8137353415272246,0.7163489857963925,0.5509469992238278,-0.07344357030791882,7.187349103842047,-0.43058054199633,-0.28253957927949624,-0.8372897063724172,5.393442769197379,3.5523442863528585,-0.27346124276022765,2.974315346176107,6.4307042692983245,5.28445196407907,6.698009810813873,5.0146473938859035,4.046983096231383,1.2953419927526573,2.766707508355713,0.0070892928090748875,0.1939387806921009,1.603243628515429
0.17171717,3.1413556448060054,-0.16605620602783366,3.6773991025440207,3.6733055109693886,3.9431964389502836,3.2640866682070557,2.0470965866317514,0.9204006294998182,0.8461345726649708,0.6508602226426314,-0.08023002112241118,7.023875975761622,-0.5169671054747975,-0.3217561026348781,-0.9730781514804767,5.22034454344784,3.482754513187368,-0.3590985742344164,2.889330434641039,6.284540383120875,5.364759595406013,6.686479064670068,5.071975841414213,4.031548219361265,1.2300959744945956,2.698027801238247,0.011171140599628426,0.20773596323129917,1.718380869281133
0.18181819,3.245257078729724,-0.15832961177894056,3.6771182736979693,3.7339541849792117,3.9087408050692254,3.2705339960394983,2.13480604224639,1.0270659948187837,0.9759203405803711,0.7507736528345486,-0.08701615899533754,6.860402658322699,-0.6033536689532646,-0.36097223742315787,-1.1088669810895202,5.047246185567699,3.4131647400218776,-0.44473628848462843,2.804345383078963,6.138376277756668,5.445067298103433,6.674948318526262,5.129304386218476,4.016113342491148,1.1648499562365342,2.629347978841306,0.01525298839018241,0.22153306898895453,1.8335182262708891
0.1919192,3.349158256259895,-0.15060276202942768,3.676837444851917,3.794602713730752,3.8742852509877714,3.2769813238719414,2.222515366992217,1.1337312827913772,1.1057059274489496,0.8506868348987292,-0.0938026098098299,6.696929593361773,-0.6897398561213519,-0.40018837221143766,-1.2446554261975797,4.874148091948765,3.343574966856387,-0.5303740027348405,2.7193604715438946,5.9922125377037245,5.525374858059899,6.663417572382457,5.186632866172103,4.00067846562103,1.0996041893200763,2.5606682717238405,0.019335085104250194,0.2353302515281528,1.9486554670365934
0.2020202,3.426423733727883,-0.12838263961140317,3.6815666829518805,3.847560687957689,3.838125975347827,3.2822812385091398,2.299342491980279,1.2148706630183461,1.2150082106884679,0.9318943079134484,-0.07051068194522259,6.554783723536481,-0.7277633858586547,-0.37931143894510466,-1.303900491360427,4.72477854064412,3.3036744859162708,-0.5627446055146081,2.649697595259042,5.845637128387315,5.598282655548506,6.644359767644368,5.245865847142734,3.9909244088821,1.0647270230178485,2.5095171546530404,0.05067256419001609,0.25268879236376385,2.060951087845985
0.21212122,3.397145599034236,-0.04818878776778268,3.706336255779613,3.86975637145707,3.7951515740751045,3.2829915003653594,2.3326408833716874,1.1939063735896296,1.2423770417877928,0.9382785311840943,0.07309476063578524,6.497946886731721,-0.5723344043209213,-0.11806067919190966,-1.0569701142375005,4.670324083510861,3.382531664664511,-0.3820475279646476,2.6413228599750505,5.697415334266048,5.641591171211627,6.595193224524419,5.312717026733277,4.003893824801719,1.1513265212469737,2.5284808588868053,0.19103381307420175,0.2842927663850269,2.1618802288301264
0.22222222,3.3678675070728468,0.032004936325528144,3.731105828607345,3.891952054956451,3.7521771728023814,3.2837018349347096,2.3659392093286895,1.1729421034975063,1.269745821967699,0.9446627544547401,0.21670020321679306,6.441110176165958,-0.4169057990935672,0.1431896919941833,-0.8100405061165437,4.615869626377603,3.4613887207160365,-0.20135045041468658,2.632948124691059,5.549193722800414,5.684899633346891,6.546026807405651,5.379568109047868,4.016863240721338,1.237925642463693,2.547444447841095,0.3313945641113585,0.31589681718783247,2.26280919547819
0.23232323,3.3385894151114575,0.11219878816914863,3.755875401435077,3.9141476658266905,3.7092028513292634,3.28441216950406,2.399237535285692,1.151977833405383,1.2971146134630316,0.9510469673867303,0.360305332856234,6.384273591839196,-0.2614768175558333,0.40444006318027625,-0.563110513494602,4.561415301374948,3.5402457767675615,-0.020653372864725572,2.624573389407068,5.400972184397032,5.728208086560844,6.4968603902868844,5.446419175149801,4.029832656640957,1.324524763680413,2.5664080367953845,0.4717555640720299,0.3475007912090954,2.3637381621262534
0.24242425,3.3093112804178104,0.19239264001276934,3.7806449742628088,3.936343349326071,3.6662284500565407,3.2851224313602794,2.4325359266771,1.1310135246400734,1.3244834389046432,0.957431195826704,0.5039107754372418,6.3274367550344355,-0.10604821232847961,0.6656908229334717,-0.3161801363716763,4.506960844241689,3.6191029555158014,0.1600440874612592,2.616198514096069,5.252750353744639,5.771516611145275,6.447693847166935,5.513270370953003,4.042802072560575,1.4111241362387363,2.5853716257496737,0.6121165640327013,0.3791048420119011,2.464667332166408
0.25252524,3.2800332311886793,0.27258623635576984,3.805414480146835,3.958538960196311,3.6232541285834223,3.2858327659296296,2.4658342199168994,1.1100492932211363,1.3518521964536967,0.9638154035893662,0.6475155921351168,6.270600170707672,0.049380392898874526,0.9269411941195647,-0.06925091275170336,4.452506519239034,3.6979598888706118,0.34074116501122065,2.6078237788120777,5.104529107590269,5.8148250019100605,6.398527493048759,5.5801213559916425,4.055771488480194,1.497723257455456,2.604335214703964,0.752477315069858,0.410708816033164,2.5655961535344067
0.26262626,3.2507550964950322,0.35278021594970044,3.8301841199182727,3.9807345710665505,3.5802797273106997,3.28654310049898,2.4991325785911047,1.0890850037924198,1.3792210105798821,0.97019963202934,0.7911210347161246,6.213763333902912,0.2048093744366084,1.1881919538727597,0.1776790798702379,4.3980520621057755,3.776817067618852,0.5214382425611817,2.599449043528087,4.95630713081337,5.858133517573182,6.349361012929401,5.646972535582186,4.068740904399813,1.5843225043429774,2.623298803658253,0.8928385639540439,0.4423128668359697,2.6665252945185483
0.27272728,3.221477004533643,0.43297406779332115,3.854953692746005,4.002930254565931,3.5373054058375812,3.2872534350683296,2.532430969982513,1.0681207143637035,1.4065898360214937,0.9765838552999858,0.9347264772971324,6.156926497098151,0.3602381678191522,1.4494425193424036,0.424609456993164,4.3435976049725165,3.8556741236703775,0.7021357028871664,2.591074168217088,4.8080854462854825,5.901442033236303,6.300194469809451,5.713823682747411,4.081710320319432,1.6709217512304988,2.642262507892018,1.0331995639147153,0.4739168408572326,2.7674543773906635
0.28282827,3.1921989125722536,0.5131676641363216,3.8797231986300313,4.025125865436171,3.4943310843644637,3.2879636969245496,2.565729263222312,1.0471564636081732,1.433958593570547,0.9829680682319759,1.07833145046579,6.100089912771389,0.5156665848913162,1.7106925019613946,0.6715388728636289,4.289143279969862,3.9345310570251875,0.8828323976611037,2.5826994329330963,4.659864054006606,5.944750424001088,6.2510281786918656,5.780674700211368,4.09467967219445,1.7575209981180204,2.6612260968463075,1.173560314951872,0.5055208148784955,2.8683832278146753
0.2929293,3.1629208206108643,0.5933616437302522,3.9044927714577633,4.047321548935551,3.451356603292136,3.2886740314939,2.5990276546137205,1.0261921741794566,1.4613274190121588,0.9893522966719497,1.2219368930467978,6.0432530759666285,0.6710955664290501,1.9719432617145896,0.9184690577360626,4.234688690705999,4.013388235773427,1.0635296665990763,2.5743246976491054,4.511642369478719,5.98805892182159,6.201861635571917,5.847525847376594,4.107649152158669,1.8441202450055418,2.680189685800597,1.3139214393743006,0.5371248656813012,2.9693123687988168
0.3030303,3.1421860607736822,0.7041028941983696,3.9415066828044827,4.076436973881854,3.4298751881271095,3.3048537209569324,2.6280034818623204,0.9835876170343516,1.4566578367498646,0.9824435933985186,1.3710396236584608,6.022920517900738,0.8160078017738917,2.217447728218736,1.1916043304415216,4.210979571590436,4.098792879325686,1.2327185829938285,2.5907002961061956,4.409306848331129,6.008777289661626,6.165943738707502,5.898981291717647,4.127159379108355,1.950840392639356,2.7275644778219164,1.4423713247050238,0.5508947907728305,3.051064497639599
0.3131313,3.141385941976853,0.8861210248727156,4.00709042727278,4.121698437994592,3.458544153679644,3.3571284264122974,2.6468932170536896,0.890489259799849,1.3772319849323587,0.9445180856457716,1.5329687337918523,6.087764315667881,0.936380272766288,2.4262098723906798,1.5258841031722357,4.259009310254956,4.199474552214388,1.375053656051668,2.6648268133194826,4.414039821068264,5.9767851876827915,6.160939412773258,5.914513083598913,4.161931626550732,2.1045091411201176,2.8412316543082285,1.5430277794874865,0.5230518070590767,3.0880700468924465
0.32323232,3.140585865912282,1.0681395387979915,4.072674372572194,4.166960047365613,3.4872131192321785,3.409403350007053,2.6657830503966684,0.7973906415213405,1.2978058954908989,0.9065924745064677,1.6948983133375937,6.1526083659130215,1.0567529319138744,2.6349725994132767,1.860164837155411,4.307039048919475,4.300156470496521,1.5173893032735428,2.738953470559777,4.418772793805399,5.94479301433348,6.155935023838423,5.930044907905496,4.19670393803771,2.2581781409424826,2.954899291912442,1.643684607655221,0.4952087465637802,3.125075697841339
0.33333334,3.139785747115453,1.2501581804735773,4.138258384815314,4.212221656736634,3.515882084784713,3.461678273601809,2.6846728510224436,0.704292023242832,1.2183798060494389,0.8686668530285082,1.8568280493541185,6.217452416158162,1.177125779216651,2.8437353264358736,2.1944455711385857,4.355068919714599,4.4008384501270115,1.659724759107406,2.8130801278000717,4.423505912667039,5.912800823141549,6.15093069790418,5.945576732212079,4.231476249524688,2.4118472664356494,3.0685668718769175,1.7443414358229552,0.4673656860684836,3.162081348790232
0.34343433,3.1389856283186237,1.4321762472727684,4.203842129283611,4.257483120849373,3.5445510503372475,3.513953051770304,2.7035626189310165,0.6111936756766259,1.138953954231933,0.8307413556144168,2.01875715948751,6.2822963401643035,1.2974984383642374,3.0524973734660414,2.5287253438693,4.403098658379118,4.501520061667356,1.8020598321652455,2.887206645013358,4.428238885404174,5.880808730084025,6.145926371969936,5.961108524093344,4.266248432922463,2.5655158264102074,3.1822341060029675,1.8449978906054179,0.4395227023547298,3.1990869125710857
0.35353535,3.1381855522540523,1.6141948889483544,4.269426108054879,4.302744730220394,3.573220015889782,3.5662279753650594,2.722452435915393,0.5180949993883384,1.0595278534750467,0.7928157341364572,2.1806868172686427,6.347140390409443,1.4178710975118238,3.261260100488638,2.863006077852475,4.451128529174241,4.602202041297846,1.9443954793871205,2.961333302253653,4.432971858141309,5.848816529970785,6.140921983035101,5.976640380825245,4.301020744409441,2.7191849519033746,3.2959016859674435,1.9456547187731523,0.4116795650778905,3.2360925635199784
0.36363637,3.1373854334572235,1.7962134667487852,4.335010053354293,4.348006303276845,3.601888981442317,3.618502898959815,2.7413422528997704,0.42499641978301583,0.980101797979866,0.7548901126584977,2.342616475049776,6.411984440654583,1.5382439448146001,3.470022827511235,3.19728681183565,4.499158399969365,4.702883959579979,2.0867309352209835,3.0354599594939478,4.437704830878444,5.816824356621473,6.135917657100857,5.992172205131828,4.335793055896419,2.8728540145611405,3.409569265931919,2.0463115469408866,0.383836504582594,3.273098214468871
0.37373737,3.1365853146603944,1.9782315974231313,4.400593831294444,4.393267767389584,3.6305578671952468,3.670777640771745,2.7602320044497417,0.3318980722168098,0.9006759235315072,0.7169646152444064,2.5045455851831675,6.476828238421727,1.6586164158069965,3.678784874541403,3.531566584566364,4.547188138633884,4.803565632468681,2.229066008278823,3.109586406693731,4.442437803615579,5.784832254642639,6.130913299666318,6.007703997013094,4.370565239294195,3.0265226373711,3.5232365576977065,2.146968063954228,0.3559935208688402,3.310103749193712
0.3838384,3.135785238595823,2.1602501113484074,4.466177776593858,4.438529376760605,3.6592268327477813,3.7230525280099354,2.7791218214341185,0.23879941526511517,0.8212498680363265,0.6790389730891354,2.666475321199692,6.541672288666867,1.778989263109773,3.887547601564,3.865847318549539,4.595218009429008,4.904247550750814,2.371401559806692,3.1837130639340256,4.44717092247722,5.752840081293328,6.12590894223178,6.023235821319676,4.405337550781173,3.1801917628642666,3.6369040800224446,2.247624829891084,0.3281504603735437,3.347109400142605
0.3939394,3.134985119798994,2.342268753023993,4.531761721893273,4.483790949817055,3.687895798300316,3.7753274516046913,2.7980116384184957,0.14570083565979275,0.7418237672794403,0.6411133929657986,2.8284049007454337,6.606516338912007,1.8993621104125493,4.096310328586597,4.200128052532714,4.643247880224131,5.004929469032946,2.5137370156405554,3.2578397211743204,4.451903895214355,5.720847890101397,6.12090458479724,6.038767645626259,4.440109862268151,3.3338607626866317,3.750571717626658,2.348281658058818,0.30030739987824706,3.3841150510914977
0.4040404,3.171805882601459,2.5136021990840205,4.59699397843399,4.540988250712961,3.7459277465667062,3.8413001473878734,2.8233723210667963,0.08472977334577891,0.6692743679602495,0.626630383766082,2.960862230308991,6.688512103176036,1.9706149756445732,4.217102167951802,4.450258342972173,4.701363412121535,5.075741378165558,2.6021405737446592,3.342782554593537,4.507809669820729,5.686148652386722,6.128447015535695,6.033921001010403,4.478923516151698,3.4621221110518072,3.8650745406189553,2.4132705158747,0.2639679242091548,3.404184881873352
0.41414142,3.2650583523931864,2.6689091771301756,4.66169913697075,4.616089560985615,3.8480045280021,3.9278200468021724,2.858439527141753,0.07194975492961175,0.6070394323954306,0.6473112516291075,3.0491120650474284,6.796236006543892,1.9681883381584437,4.205938416536958,4.574164554162621,4.774607898129474,5.10174864933258,2.609646620183145,3.443950317409424,4.640475231728983,5.647388559406021,6.154809707284379,5.998506490884299,4.523799471830804,3.5522727205471605,3.9808311720036884,2.4247579004521134,0.214883633825512,3.3988511276847144
0.42424244,3.358310822184914,2.8242161232387533,4.726404278771583,4.691190853100983,3.950081389237098,4.014339909859906,2.8935067250374096,0.05916981385981657,0.5448044968306116,0.6679921608467556,3.1373618997858657,6.903959909911748,1.965761606594719,4.1947746651221145,4.698070669227822,4.847852384137413,5.1277559204996015,2.6171525709276247,3.5451180802253113,4.773140647512732,5.608628484267939,6.1811724305333575,5.9630920131835135,4.56867545953221,3.642423298624813,4.096587788978487,2.436245253914087,0.1657993434418693,3.393517315384051
0.43434343,3.4515630142169647,2.9795226860964013,4.791109253213151,4.766291945486213,4.052157931273678,4.10085955477825,2.9285738247814566,0.04638987279002149,0.4825697423126146,0.6886729873551583,3.22561148025928,7.0116835608016075,1.9633349691085893,4.183610962278159,4.821976495917284,4.921096605884145,5.153763107312631,2.6246586173661104,3.646285562987183,4.905805917171975,5.569868498342955,6.207535027781155,5.927677600333362,4.613551303133265,3.732573656778562,4.212344088934729,2.4477325762606212,0.11671520662131196,3.3881835030833876
0.44444445,3.544815462642563,3.134829632204979,4.855814411749911,4.84139323760158,4.154234712709072,4.187379454192548,2.963641022677113,0.03360985437385422,0.42033480674779566,0.7093538758954949,3.3138612954388695,7.119407464169463,1.9609082375448645,4.172447210863315,4.945882707107732,4.994341091892084,5.179770370811108,2.632164663804596,3.747453290796318,5.038471479080229,5.531108405362254,6.233897751030135,5.892263090207258,4.658427274823521,3.822724203438514,4.328100677089659,2.4592199608380345,0.06763083945612669,3.3828497488947495
0.45454547,3.6380679324342906,3.2901367060638664,4.920519553550744,4.91649456603152,4.25631157394407,4.273899353606848,2.9987082369313707,0.020829913304059144,0.3580998711829767,0.7300347644358316,3.402111130177307,7.227131367537319,1.95848150598114,4.161283459448471,5.06978891829818,5.067585577900022,5.20577764197813,2.639670710243082,3.848621088618957,5.171136967926231,5.492348312381552,6.260260411278523,5.856848580081155,4.703303262524927,3.912874907186968,4.443857351704195,2.4707073143000082,0.018546549072483876,3.377515936594086
0.46464646,3.7313201458324707,3.4454432689215144,4.9852245279923135,4.9915956402594635,4.35838811598065,4.360418962168626,3.0337753203168165,0.008049894887891873,0.2958651166649796,0.7507155909442342,3.490360730209569,7.334854955307678,1.9560548684950103,4.150119732319071,5.193694744987642,5.140829799646754,5.2317848364597035,2.6471766609875615,3.949788501367325,5.303802091460969,5.453588362141806,6.286623071526911,5.821434183443663,4.748179122137132,4.003025171087616,4.559613622840568,2.482194667761982,-0.030537587748073358,3.3721821533494354
0.47474748,3.82457257289194,3.600750215030092,5.049929669793147,5.066696968689402,4.460464897416044,4.446938861582924,3.068842534571074,-0.0047300461819032025,0.23363018110016076,0.7713965001618823,3.578610525830311,7.442578921795033,1.9536281369312856,4.138955980904228,5.317600956178089,5.214074285654693,5.257792092289636,2.6546827074260477,4.0509562641832115,5.436467653369223,5.414828269161106,6.3129857317753,5.7860196733175595,4.793055077816238,4.09317581200067,4.675370239815367,2.4936820212239557,-0.07962195491325885,3.366848370104785
0.4848485,3.9178250426836674,3.7560571611386697,5.11463481159398,5.14179826080477,4.562541758651042,4.533458760997224,3.10390973246673,-0.017510064598070474,0.17139533605875268,0.7920773680249077,3.666860399686444,7.550302825162889,1.9512014994451559,4.127792229489384,5.4415071673685365,5.2873187716626315,5.283799363456657,2.662188753864533,4.152124026999099,5.569133142215225,5.376068176180405,6.339348455024279,5.750605179404115,4.837931065517644,4.183326390078322,4.791126799150429,2.5051693746859294,-0.12870624529690167,3.3615145578041212
0.4949495,4.0110772560818475,3.911363596246008,5.179339786035548,5.216899335032714,4.664618300687621,4.619978369559002,3.138976815852176,-0.03029000566786555,0.10916049101734471,0.8127581945333103,3.755109921483315,7.658026412933249,1.9487747678814313,4.116628502359984,5.565412994057999,5.360563059474665,5.309806557938232,2.6696947046090127,4.25329150976097,5.701798265749963,5.33730819025542,6.365711052272077,5.715190766553963,4.882806893107548,4.27347671681437,4.906883185566277,2.516656697032464,-0.1777903821174589,3.3561808036154837
0.5050505,4.131829814048462,4.045357319387189,5.241723353589263,5.29686271238999,4.778511468425813,4.7095016484614485,3.188460456642184,0.0030969426011074885,0.08560756681088111,0.8734652919359134,3.8343931979831534,7.752366725930446,1.943967214620355,4.077917189093778,5.612750448238271,5.425455107572855,5.309519209900182,2.668248576791139,4.346365947820154,5.848690180745553,5.314977616858657,6.3857762994587,5.6783255639404135,4.931830008874814,4.341606628633816,5.003879451301611,2.526557909860128,-0.2163575974672991,3.3628368969543265
0.5151515,4.28008335756738,4.158038458312523,5.301785782029947,5.381688683393161,4.904221760613145,4.802028852200522,3.252360916574379,0.08265124428708137,0.10073665396277276,0.974199177165501,3.9047103074213516,7.833323937733104,1.9367786515067376,4.0116578768382185,5.583518953157873,5.481994982022503,5.282937104623256,2.6578500833288934,4.4313476474857305,6.009809435168891,5.309076563045832,6.399544196584151,5.640009425649537,4.9850005889420945,4.387716125536656,5.082115942194856,2.5348729820534825,-0.2444080449095074,3.381482954044702
0.5252525,4.428336901086297,4.270719469487549,5.361848143526926,5.466514581767193,5.0299320528004765,4.894556092296159,3.316261343789371,0.16220554597305525,0.11586574111466419,1.0749330623950886,3.9750274168595503,7.914281133755887,1.929590182470715,3.945398588868103,5.554287458077476,5.538534856472151,5.25635499934633,2.647451685560654,4.516329320896243,6.170928653061103,5.303175509233007,6.413312093709601,5.601693279252331,5.038171136987074,4.433825622439496,5.160352433088102,2.5431880542468375,-0.27245833878863035,3.400129069247104
0.53535354,4.576590487337472,4.383400608412884,5.421910571967611,5.551340552770364,5.155642344987808,4.987083259678666,3.380161803721566,0.24175984765902925,0.13099482826655584,1.1756669476246762,4.0453445262977485,7.99523832977867,1.9224016193570972,3.8791393008979878,5.525055962997079,5.595074697889148,5.229772894069405,2.637053192098408,4.601310994306755,6.332047870953315,5.297274455420183,6.427079927834461,5.563377140961454,5.091341685032054,4.479935119342337,5.2385889239813475,2.551503126440192,-0.3005086326677533,3.4187751263374793
0.54545456,4.724844073588647,4.496081747338218,5.481973000408295,5.636166451144396,5.281352617225239,5.079610427061174,3.444062263653761,0.32131407199863093,0.1461239154184475,1.2764008121769526,4.115661635735947,8.076195525801452,1.9152130562434795,3.8128799643569846,5.495824467916682,5.651614572338796,5.203190788792479,2.626654698636163,4.686292685220643,6.493167088845527,5.291373365922119,6.440847824959911,5.525060994564248,5.144512281110484,4.5260444905743755,5.316825530154068,2.559818229748986,-0.3285590801099616,3.4374211834278547
0.5555556,4.873097659839822,4.608762886263554,5.542035428848979,5.720992494776709,5.407062969262275,5.1721377398699415,3.5079626908687525,0.4008684123577909,0.16125300257033914,1.3771347180838514,4.185978745174145,8.157152753383984,1.908024587207457,3.7466206763868692,5.46659306896153,5.708154479821095,5.1766086758470085,2.6162563008679234,4.7712743761345315,6.654286379799992,5.285472312109294,6.454615722085362,5.48674485627337,5.1976828451666135,4.572153987477217,5.395062021047314,2.5681333019423405,-0.35660937398908454,3.4560672986302565
0.56565654,5.021350220516808,4.721443258687028,5.602097455627428,5.80581788474675,5.532772483403462,5.264664325547407,3.5718627254773083,0.48042217261915987,0.1763819086754087,1.4778679829940982,4.256295385199993,8.238109444450775,1.9008360240938393,3.680361776983856,5.437361766131626,5.764693990911583,5.150026739278066,2.605857903099684,4.856255506940388,6.815404574820665,5.279571293981708,6.46838349320963,5.448428944959716,5.250853056977439,4.618263233038453,5.473298050822659,2.576448343020256,-0.3846595143051219,3.474713297608606
0.57575756,5.169603892232499,4.834124397612364,5.662159884068112,5.890643855749922,5.658482795540695,5.357191565643045,3.635763218126706,0.5599765129783199,0.19151099582730036,1.5786018889009972,4.326612494638192,8.319066640473556,1.8936475550578167,3.614102440442853,5.4081302710512285,5.821233865361231,5.123444634001141,2.595459505331444,4.9412372678677805,6.97652386577513,5.273670240168884,6.482151390335081,5.410112790456179,5.304023653055869,4.664372729941293,5.551534541715904,2.5847634152136103,-0.41270996174733043,3.4933593546989816
0.5858586,5.31785756394819,4.946805281037078,5.722222312508797,5.975469899382237,5.784193107677927,5.449718805738682,3.699663710776104,0.6395308146642937,0.2066400829791919,1.679335794807896,4.396929682311781,8.400023899615839,1.886458991944199,3.5478432010436247,5.378898775970831,5.87777377284353,5.0968625133871255,2.5850610118691986,5.026218958781668,7.137643083667342,5.26776915067082,6.495919287460531,5.371796635952644,5.357194217111999,4.710482226844134,5.62977103260915,2.5930784874069652,-0.44076025562645316,3.512005411789357
0.5959596,5.466110979270334,5.059486419962413,5.782284674005775,6.060295797756267,5.909903340015556,5.542245973121189,3.7635641379910956,0.7190850390038955,0.22176917013108355,1.7800696180055495,4.467246713514588,8.480981095638622,1.8792704288305815,3.481583961644397,5.34966737701568,5.934313614260526,5.070280423447289,2.574662614100959,5.111200579682053,7.298762301559554,5.261868096857995,6.50968712158539,5.333480513874426,5.410364813190429,4.7565917237469755,5.7080075235023955,2.6013935596003197,-0.4688105495055761,3.5306515269917584
0.6060606,5.593830006312566,5.125437517495415,5.827222644870572,6.134426909800808,6.018677861865342,5.618393489932494,3.8298135949468923,0.827047802700953,0.28348124247414364,1.8911927976534066,4.539332177510565,8.528186780525381,1.9229505621240806,3.4684980902022513,5.305808503240309,5.9783617458329275,5.050151260492542,2.6074224044029144,5.178506521371197,7.417623116110322,5.286029287314966,6.497087633418137,5.312783936375715,5.457916392177396,4.778916010662508,5.7499934611747605,2.6429629308450253,-0.45605544606430004,3.5680768920479844
0.61616164,5.707859156286471,5.160235168933322,5.862077621703541,6.201428164292357,6.116161856856829,5.68362123969633,3.8976290281069548,0.9539495797452523,0.3762487288013938,2.009242132225487,4.612596570623525,8.55289143694829,2.0005433164849826,3.4908613897762275,5.252198011626541,6.0140819827551955,5.034324074423003,2.6689545114730113,5.234028490216837,7.508311491288205,5.330232057217356,6.466909846388688,5.303833819205961,5.501721938421856,4.7853832814685,5.7678123249400475,2.70670192813695,-0.41609633490786324,3.6180218538601356
0.6262626,5.821887622544249,5.195032820371228,5.896932397705394,6.268429128267341,6.21364521345148,5.748848553181385,3.965444134094987,1.0808506123307198,0.4690156719881782,2.127290722414358,4.685860494324136,8.577595967132202,2.0781356945355043,3.5132244950666527,5.198587904513757,6.049802004965232,5.01849699571309,2.730486235767085,5.2895501790084625,7.598999281968065,5.374434577323075,6.4367321853604205,5.294883750674183,5.545527292532513,4.791850677945293,5.78563107342586,2.7704405520436026,-0.3761375308775974,3.6679665251121576
0.6363636,5.935916772518153,5.2298304718091355,5.9317874414820695,6.33543038275889,6.311129128643363,5.814076302945221,4.033259567255049,1.2077523797067224,0.5617831583154284,2.245339974277193,4.759124965672488,8.602300560435612,2.155728354818811,3.5355877946406293,5.144977412899989,6.085522233629337,5.00266982498064,2.792018342837182,5.345072147854102,7.6896875840836945,5.418637347225465,6.40655433533038,5.28593361729177,5.589332838776972,4.798318074422087,5.8034499371911465,2.8341795337778075,-0.3361784197211606,3.717911486924309
0.64646465,6.04994609342109,5.264628123247042,5.966642485258745,6.402431782508723,6.408613123634851,5.879304052709057,4.101075000415111,1.3346541857559113,0.654550689904384,2.3633893915585187,4.832389280550057,8.627005216858523,2.233321203257308,3.5579510942146055,5.0913669212862205,6.121242478809768,4.986842638911102,2.853550545601285,5.400594116699743,7.780375959261577,5.462840117127855,6.37637648530034,5.276983516334674,5.633138449066032,4.804785470898881,5.8212688009564335,2.8979185621851715,-0.2962193085647238,3.7678564487364605
0.65656567,6.1639752433949955,5.2994257746849485,6.001497395148009,6.469433037000272,6.506096959027129,5.944531657046633,4.168890433575174,1.461555914458728,0.7473181309699287,2.481438643421354,4.9056535954276255,8.651709873281433,2.310913863540615,3.5803143937885817,5.037756429672452,6.156962699215711,4.971015468178653,2.915082556977376,5.456116085545384,7.87106433443946,5.507042887030245,6.346198635270301,5.268033382952261,5.676944059355092,4.811252741704872,5.839087549442246,2.961657512803937,-0.25626035097137256,3.817801410548612
0.6666667,6.278004564297931,5.334223426122856,6.036352438924684,6.536434291491821,6.603580954018617,6.009759406810469,4.236705866735236,1.588457720507917,0.8400856625588844,2.5994880607026793,4.978918066775978,8.676414529704342,2.3885067119791117,3.602677790504334,4.984145938058684,6.192682936137978,4.9551882821091136,2.976614711894476,5.5116381944180315,7.961752709617342,5.551245692617874,6.316020848240851,5.259083249569848,5.720749669644152,4.817720138181666,5.856906413207533,3.0253965256535813,-0.21630123981493576,3.8677464304727893
0.6767677,6.392033714271836,5.369021077560762,6.071207348813949,6.6034356912416525,6.701064949010105,6.074987156574306,4.30452143076411,1.7153595265571056,0.9328531488861346,2.7175373125655145,5.052182381653546,8.701119186127253,2.4660994663400135,3.6250409929365346,4.930535542570162,6.228403173060246,4.939361111376664,3.038146866811576,5.567160163263672,8.052441084795225,5.595448462520265,6.285842998210811,5.250133116187436,5.764555279933212,4.824187534658459,5.8747252769728195,3.0891355385032253,-0.17634212865849896,3.917691392284941
0.68686867,6.506062180529614,5.403818728998669,6.106062124815801,6.670436509958353,6.798548305604755,6.14021447005936,4.372336471317737,1.842260559142573,1.0256200468112133,2.835585902754386,5.125446383589549,8.725823653191664,2.543691656235345,3.6474041953687353,4.876925339332131,6.264123195270284,4.923534032666751,3.0996785911056493,5.622681712028289,8.143128875475085,5.639650982625984,6.255665337182544,5.241183047655657,5.808360569999269,4.830654805464451,5.892544025458632,3.1528741468521586,-0.1363833246282331,3.9676360054249367
0.6969697,6.620091330503519,5.438616380436576,6.140917168592476,6.737437909708185,6.896032300596243,6.205442219823196,4.4401519044777995,1.9691623651917616,1.1183876236618746,2.9536351546172206,5.198710698467117,8.750528309614575,2.621284410596247,3.669767494942712,4.823314847718363,6.299843415676226,4.907706861934302,3.161210698175746,5.67820368087393,8.233817250652967,5.683853752528374,6.225487487152503,5.232232946698561,5.852166180288329,4.837122201941245,5.910362889223919,3.216613128586363,-0.09642429025333898,4.017580967237088
0.7070707,6.704288920311777,5.4275910176830875,6.165519917705224,6.78827816343017,6.97163939358224,6.247615253659464,4.49706596559914,2.0872851259631866,1.2294963524867044,3.0426812516294106,5.260840082990731,8.753233295756461,2.7376323361509782,3.7393785141654092,4.786347769585464,6.329745413600212,4.906698202914239,3.2547616368597496,5.713414452180553,8.280223178899767,5.737907013273076,6.171312523059904,5.242990661824293,5.872634194242241,4.817599242870264,5.894999017163062,3.291516361060738,-0.015108183173535794,4.061749593671063
0.7171717,6.775701360415863,5.396927366276499,6.185728749740623,6.832192502228214,7.037870671423029,6.279907591079445,4.549308141001269,2.2016456045006527,1.3484656364413499,3.119297472396606,5.318197421564413,8.746509869812051,2.870589472952558,3.82923844507553,4.756513665337433,6.3571538758059845,4.912040356538183,3.362034856761565,5.739920304518735,8.30765133310326,5.796181891284158,6.106853122012303,5.26219462090017,5.88310049098612,4.786937577946066,5.865414153758748,3.3712042146379413,0.0839324055745263,4.1034426478001045
0.72727275,6.847113800519949,5.366263714869911,6.2059375817760225,6.8761068410262585,7.104102108863026,6.312200073925686,4.601550316403399,2.316006083038119,1.467434920395995,3.195913693163802,5.375554603667313,8.739786506987143,3.003546703831733,3.919098424556538,4.726679464964156,6.384562354528082,4.917382479487949,3.4693081245103836,5.766426156856917,8.335079341182249,5.854456760373932,6.04239365796411,5.2813985475507295,5.893566723685398,4.756275913021868,5.835829175074959,3.450892099330584,0.1829729175410456,4.145135585705095
0.7373737,6.918525898765973,5.335600063463321,6.226146413811422,6.920020889307736,7.170332907906186,6.344492265919406,4.653792099199093,2.430365788111864,1.5864035254250584,3.2725292522570344,5.432911629299429,8.733063144162232,3.136503040973755,4.008957821186893,4.696845456841372,6.4119706515706,4.922724571763536,3.5765807224011605,5.792931869168091,8.362507203136733,5.912731290453937,5.977934634920054,5.3006023931379955,5.9040328923400756,4.725614499439274,5.806244426950121,3.5305794861761974,0.2820128920367658,4.186828407386033
0.74747473,6.9899383388700596,5.304936412056733,6.246355245846822,6.963935228105781,7.236564345346183,6.3767847487656475,4.70603414373241,2.54472626664933,1.705372786748851,3.3491454730242305,5.490268811402329,8.726339718217824,3.2694602248141322,4.098817800667901,4.667011256468095,6.439379113776372,4.928066694713301,3.683853942302976,5.819437721506272,8.38993521121572,5.97100617738633,5.913475202372156,5.319806336001214,5.914499189083954,4.694952834515076,5.776659563545807,3.610267308637961,0.3810534807848279,4.228521461515074
0.75757575,7.06135112083221,5.274272760650144,6.266564077882222,7.007849566903825,7.302795623186971,6.409077086185627,4.75827631913454,2.6590865904940517,1.824342093334349,3.4257616937914266,5.547626149976011,8.719616292273415,3.4024174086545096,4.1886777315780215,4.637177056094818,6.46678759249847,4.933408848337246,3.7911272100517945,5.845943713871462,8.417363365419215,6.029281046476103,5.849015769824259,5.339010278864433,5.924965485827833,4.664291169590879,5.747074584862018,3.6899551933306034,0.48009399275134723,4.270214399420064
0.7676768,7.132763560936296,5.243609109243556,6.2867730438050335,7.0517637604435865,7.369026901027759,6.441369569031869,4.810518363667857,2.773446914338774,1.9433113546581415,3.5023777491401322,5.604983488549694,8.712892929448506,3.535374592494887,4.278537662488142,4.607342903784165,6.4941960381879165,4.938750971287011,3.89840042995361,5.872449566209644,8.444791373498203,6.087555933408496,5.7845563687766575,5.358214221727651,5.935431782571712,4.633629504666681,5.717489721457703,3.7696430157923677,0.5791345047178666,4.3119074535491055
0.7777778,7.204176001040382,5.212945457836967,6.3069818758404335,7.09567809924163,7.435258338467756,6.47366205187811,4.862760539069987,2.8878075475689844,2.0622806612436397,3.5789939699073283,5.662340670652593,8.706169503504096,3.6683317292964666,4.36839764196915,4.577508703410888,6.521604516910014,4.944093094236776,4.005673697702428,5.898955418547826,8.472219381577192,6.145830820340889,5.720096904728464,5.377418164590869,5.94589795122639,4.602967839742482,5.68790485805339,3.8493309004850103,0.6781750934659287,4.353600391454096
0.7878788,7.275588441144469,5.182281806430378,6.3271907078758325,7.139592438039674,7.501489456709335,6.5059543892980916,4.915002583603304,3.0021678714137066,2.181249877305727,3.655610025256033,5.719697852755493,8.699446077559687,3.801288866098046,4.45825757287927,4.547674551100234,6.549012962599461,4.949435247860721,4.112946869757241,5.925461270886007,8.499647535780685,6.204105671588042,5.655637503680863,5.396622107454088,5.956364247970268,4.5723061748182845,5.6583198793696,3.9290186607158955,0.777215605432448,4.395293445583137
0.7979798,7.347000539390493,5.151618155023789,6.347399539911232,7.183506631579435,7.567720574950914,6.538246581291811,4.967244497267809,3.116527576487451,2.3002185502273482,3.732225749767756,5.7770548783876094,8.692722714734778,3.934245344356461,4.548117018080513,4.517840542977449,6.576421276158304,4.9547773401363076,4.220219467648018,5.951966983197181,8.527075397735167,6.262380201668048,5.591178449136511,5.415825936828695,5.966830544714147,4.54164476123569,5.6287351312447615,4.008706047561509,0.8762555799281684,4.436986267264075
0.8080808,7.314340103752185,5.083406899006421,6.347056788137267,7.174752641166448,7.57066709555165,6.51730098242009,4.97368455150581,3.129052738607395,2.358310591365745,3.7110369644283496,5.8253189173881985,8.690973547170573,4.1040463719312985,4.704071071656875,4.573764096387479,6.619542263801671,5.005278372479217,4.385803542991736,5.95263533210553,8.50433214130646,6.294523109465639,5.51536113619107,5.452356720931326,5.944566463976782,4.521283954928622,5.586803374925752,4.091244106495024,0.9846697553895514,4.438899198933883
0.8181818,7.255660509068607,5.005808550210894,6.341576106939106,7.152831423192419,7.557792227343363,6.483045535909792,4.9686739773011706,3.1161185688715394,2.4011830219412813,3.665396183179083,5.871309592377817,8.690467896861795,4.283058630912837,4.876549038395539,4.651127568869566,6.666591428224333,5.067069404403748,4.5659656910484525,5.946844095115908,8.469045849564067,6.320132870817266,5.436704307864569,5.493219316672926,5.914119788869107,4.503498520364339,5.541784780098594,4.1744947089887585,1.0954273611211895,4.430866954708816
0.82828283,7.19698125624309,4.928209945914746,6.336095425740947,7.13091020521839,7.544917199535865,6.448790089399493,4.96366340309653,3.10318424444294,2.4440554525168174,3.6197555673483075,5.9173004238382205,8.689962309672518,4.462070795816781,5.049027029419647,4.728491041351654,6.713640625679645,5.128860420991191,4.746127743411162,5.941052718099278,8.433759557821675,6.345742596483654,5.358047455912846,5.534081904308197,5.88367298567223,4.485713085800055,5.496766300550912,4.257745311482493,1.2061849668528277,4.42283471048375
0.83838385,7.138302003417573,4.850611597119219,6.330614744542786,7.108988987244361,7.5320423313275775,6.414534497462934,4.958652828891889,3.09024992001434,2.4869279736157646,3.5741149515175312,5.963291255298623,8.68945672248324,4.64108305479832,5.221504971872867,4.805854561896364,6.760689823134957,5.190651437578633,4.926289795773873,5.935261481109656,8.398473266079282,6.37135235783528,5.279390635461419,5.574944491943468,5.853226182475353,4.4679276512357715,5.451747705723754,4.340995913976227,1.3169425533890802,4.414802350034631
0.8484849,7.079622408733993,4.773012992823071,6.325134063344626,7.087067769270332,7.51916746311929,6.380279050952636,4.953642254687249,3.0773157502784843,2.5298004041913007,3.528474335686756,6.009281773817458,8.688951135293962,4.820095219702263,5.393982914326087,4.883218082441074,6.807739020590269,5.252442454166075,5.106451943830589,5.929470244120034,8.363187120461397,6.396962119186908,5.200733799259844,5.615807087685068,5.822779443323077,4.4501422166714875,5.406729110896596,4.42424651646996,1.4277001591207183,4.406770105809565
0.85858583,7.02094349776654,4.6954148995281635,6.319653382146466,7.065146696554586,7.5062925949110015,6.346023749868598,4.94863168048261,3.0643815805426287,2.572672563196604,3.482833885274471,6.055272292336294,8.688445484985184,4.999106443830256,5.566459885361551,4.960581122359553,6.854787953784373,5.3142331333375505,5.286612943559234,5.923679007130412,8.32790097484351,6.42257170211234,5.122077404062405,5.656669440236788,5.792332896304603,4.432356782107204,5.361710861907864,4.507496621116665,1.5384571122092432,4.3987378615844985
0.86868685,6.9622639030829605,4.617816550732636,6.314172834835718,7.043225478580557,7.493417567103505,6.311768303358299,4.94362110627797,3.0514472561140287,2.61554499377214,3.437193104025204,6.101263123796697,8.687939897795907,5.178118702811795,5.738937827814771,5.037944546779018,6.9018370851743835,5.376024119250814,5.466774900227938,5.91788777014079,8.29261468310112,6.448181427778728,5.04342063086142,5.69753201976573,5.761886157152326,4.41457134754292,5.316692267080706,4.5907472236104,1.6492146795501101,4.3907056173594325
0.8787879,6.903584650257444,4.5402179464364885,6.3086921536375575,7.021304260606529,7.480542698895216,6.277512856848,4.938610532073329,3.038513086378173,2.658417424347676,3.391552488194429,6.147253642315532,8.687434310606628,5.357130867715739,5.911415867409767,5.115308067323728,6.9488862826296955,5.437815135838256,5.646937048284655,5.912096533151168,8.257328391358726,6.473791224815594,4.96476376315955,5.738394631719989,5.73143935395545,4.396785912978637,5.2716737875330235,4.673997701642377,1.7599722852817483,4.382673373134366
0.8888889,6.844905397431928,4.462619597640961,6.303211472439397,6.9993830426325,7.467667830686929,6.243257410337702,4.933599957868688,3.0255787619495735,2.7012898549232123,3.3459118723636534,6.193244473775935,8.68692866029785,5.536143032619682,6.083893712721212,5.192671587868437,6.995935414019706,5.499606152425699,5.82709919634137,5.9063052961615465,8.222042245740841,6.499400950481982,4.88610695845827,5.779257178823613,5.700992614803173,4.379000478414353,5.2266551927058655,4.757248428597868,1.8707298910133865,4.374641012685247
0.8989899,6.786225802748348,4.385021248845433,6.2977307912412375,6.977461824658471,7.454792802879432,6.209001963827403,4.928589383664049,3.0126444375209736,2.7441622854987484,3.300271256532877,6.2392349922947705,8.686423073108573,5.715155385678816,6.256371752316207,5.270035108413148,7.042984611475017,5.5613971996873195,6.007261344398087,5.9005140591719245,8.186755807873944,6.525010747518847,4.8074500907564,5.820119790777873,5.670545875650897,4.36121504385007,5.181636597878708,4.840498906629845,1.9814874967450247,4.366608768460181
0.90909094,6.623171984439697,4.301889778623563,6.285564174364746,6.91033550278543,7.38791642503495,6.13038074632521,4.86658465662513,2.8409088842033365,2.651660756952926,3.12564077526806,6.25299096474025,8.736678629081315,5.861736933869819,6.404292448194724,5.423003057499427,7.126908024995336,5.655552787674598,6.162856927248041,5.896339013906617,8.165605746930042,6.498033278023464,4.748122875342204,5.842992204349519,5.6120563754801225,4.372858946326817,5.16331707535251,4.87468357287431,2.0536489404852136,4.289010617985462
0.9191919,6.448521656912488,4.218144340411874,6.272654750128112,6.838186730526271,7.315040234118024,6.046830305723801,4.798247449511666,2.6515295405498334,2.5441179489638523,2.9366787667865895,6.263164695072223,8.792574101673729,6.004714181240143,6.549483848747476,5.584370815088574,7.214928147879823,5.75330397222158,6.315721785944286,5.892343483265342,8.146026378297087,6.4652129216543415,4.690943728074169,5.863865548465991,5.55045136166123,4.387772803068301,5.147964154841801,4.903416067380972,2.121521444030087,4.203683219388914
0.9292929,6.273870132882058,4.134398135698326,6.2597451920040665,6.766037522492262,7.24216356440347,5.96327942884361,4.729909980660578,2.4621489593543755,2.436574507310902,2.747715931212664,6.273338738345762,8.84846988986364,6.147692369386417,6.694675832150881,5.745739341679691,7.302948667156119,5.851055708903782,6.4685877929686,5.888347952624066,8.126447009664131,6.432392315488548,4.633764202802588,5.884738989858416,5.488845963574732,4.4026867854805865,5.1326111190516155,4.932148810811148,2.1893942547011314,4.118355355896158
0.93939394,6.099218950709691,4.050652058735087,6.246835767767433,6.693888314458254,7.169286894688916,5.879728551963419,4.661572380940678,2.272768532851662,2.3290310656579516,2.558752930220248,6.283512468677735,8.90436567805355,6.290670557532691,6.839868009837836,5.907108060521299,7.390969318563019,5.948807445585983,6.621453608604905,5.884352421982791,8.10686749490667,6.399571745007993,4.576584740531599,5.9056124636761576,5.427240629532836,4.417600767892873,5.11725808326143,4.9608815542413245,2.2572671421537183,4.033027492403403
0.94949496,5.9245674266792605,3.9669059817718493,6.233926343530799,6.621739106424245,7.096410065375154,5.796177820509489,4.5932349120895895,2.083388029002576,2.221487714528412,2.3697900119370776,6.2936865119512735,8.96026152936296,6.4336485575237745,6.985059993241242,6.068476779362909,7.478989969969919,6.046559182268183,6.774319424241209,5.880357031368523,8.087288126273714,6.3667511745274386,4.519405278260609,5.926485905068581,5.365635231446339,4.432514750305159,5.101905047471245,4.9896140487479865,2.325140029606305,3.947699628910647
0.959596,5.749916244506894,3.8831597770583013,6.2210167854067535,6.549589898390238,7.023533555259808,5.7126269436292985,4.5248973123696885,1.8940074478071187,2.1139442728754614,2.1808270109446615,6.303860555224812,9.01615725443337,6.5766269338252386,7.130252170928197,6.229845305954024,7.567010621376819,6.144311041647099,6.927185431265524,5.876361500727247,8.067708611516252,6.333930568361645,4.46222581598962,5.947359378886324,5.3040298333598415,4.447428607046643,5.08655201168106,5.018346792178162,2.3930129170588925,3.8623717654178917
0.969697,5.575264891405495,3.799413827845373,6.2081073611701205,6.47744069035623,6.950656725946046,5.629076066749107,4.4565597126497885,1.7046269439580328,2.006400831222511,1.9918641753707362,6.314034285556785,9.07205310574278,6.719604933816323,7.275444154331602,6.391214024795634,7.655031140653116,6.242062655632585,7.080051246901828,5.872365970085972,8.048129242883295,6.301110033566329,4.40504635371863,5.968232820278748,5.242424467295645,4.462342589458928,5.07119909117035,5.047079535608338,2.4608858045114794,3.7770439019251363
0.97979796,5.400614563878285,3.7156681341330646,6.195197936933487,6.405292063355352,6.87778053502912,5.545525626147699,4.388222636405136,1.5152476003045297,1.8988580232334373,1.8029022495985112,6.324208328830324,9.127948578335195,6.862582181186648,7.420635554884354,6.552581782384781,7.743051263537602,6.339813901527926,7.232916296986085,5.868370579471705,8.02854987425034,6.268289641511968,4.347867143450004,5.98910616439522,5.180819453476752,4.477256446200412,5.05584617065964,5.075812030115001,2.52875823127481,3.691716503328588
0.989899,5.225963210776888,3.631922184920136,6.182288378809441,6.333142855321344,6.804903865314566,5.461974894693768,4.319885036685236,1.3258671738018162,1.7913145815804867,1.6139394140245862,6.334382059162297,9.183844303405605,7.0055601811777315,7.56582753828776,6.713950308975898,7.831071782813899,6.437565638210127,7.385782112622389,5.8643750488304285,8.008970505617384,6.235469071031413,4.290687681179015,6.009979605787644,5.119214087412555,4.492170428612699,5.040493134869456,5.104544773545177,2.596631118727397,3.6063886398358327
1.0,5.051311857675488,3.5481759802065875,6.1693789545728075,6.260993647287336,6.732027195600012,5.378424017813577,4.251547567834148,1.1364865926063583,1.6837711399275364,1.4249764130321703,6.344556102435837,9.239740154715015,7.1485385574791955,7.711019715974715,6.875319027817506,7.919092434220799,6.535317374892328,7.538647928258692,5.860379518189154,7.989390990859922,6.2026485005508585,4.233508218908025,6.030853079605385,5.057608689326059,4.507084411024985,5.0251400990792705,5.133277516975353,2.664504006179984,3.5210607763430772
