SRR_ID;Experiment_Name;Condition_Group;Category;Status;CellRanger_Ready
SRR17720186;FETAL_brain_IND1_EC;FETAL_brain;sorted;PENDING;NO
SRR17720184;FETAL_brain_IND2_IND3_EC;FETAL_brain;sorted;PENDING;NO
SRR17720199;FETAL_brain_IND4_EC;FETAL_brain;sorted;PENDING;NO
SRR17720198;FETAL_brain_IND5_EC;FETAL_brain;sorted;PENDING;NO
SRR17720222;FETAL_brain_1_all cells;FETAL_brain;unsorted;PENDING;NO
SRR17720221;FETAL_brain_2_all cells;FETAL_brain;unsorted;PENDING;NO
SRR17720220;FETAL_brain_3_all cells;FETAL_brain;unsorted;PENDING;NO
SRR17720218;FETAL_brain_4_all cells;FETAL_brain;unsorted;PENDING;NO
SRR17720217;FETAL_brain_5_all cells;FETAL_brain;unsorted;PENDING;NO
SRR28072449;FETAL_brain_6_all cells;FETAL_brain;unsorted;PENDING;NO
SRR28072450;FETAL_brain_6_all cells;FETAL_brain;unsorted;PENDING;NO
SRR28072447;FETAL_brain_8_all cells;FETAL_brain;unsorted;PENDING;NO
SRR28072448;FETAL_brain_8_all cells;FETAL_brain;unsorted;PENDING;NO
SRR17720224;FETAL_periphery_IND2_EC;FETAL_periphery;sorted;PENDING;NO
SRR17720200;FETAL_periphery_IND3_EC;FETAL_periphery;sorted;PENDING;NO
SRR17720188;FETAL_periphery_IND4_EC;FETAL_periphery;sorted;PENDING;NO
SRR17720151;FETAL_periphery_IND5.1_EC;FETAL_periphery;sorted;PENDING;NO
SRR17720219;FETAL_periphery_IND5.2_EC;FETAL_periphery;sorted;PENDING;NO
SRR17720208;FETAL_periphery_IND5.3_EC;FETAL_periphery;sorted;PENDING;NO
SRR17720175;FETAL_periphery_IND5_EC;FETAL_periphery;sorted;PENDING;NO
SRR17720168;FETAL_periphery_IND6_EC;FETAL_periphery;sorted;PENDING;NO
SRR28072443;TL_patient10_EC_1;TL;sorted;PENDING;NO
SRR28072444;TL_patient10_EC_1;TL;sorted;PENDING;NO
SRR28072445;TL_patient10_EC_1;TL;sorted;PENDING;NO
SRR28072446;TL_patient10_EC_1;TL;sorted;PENDING;NO
SRR28072439;TL_patient10_EC_2;TL;sorted;PENDING;NO
SRR28072440;TL_patient10_EC_2;TL;sorted;PENDING;NO
SRR28072441;TL_patient10_EC_2;TL;sorted;PENDING;NO
SRR28072442;TL_patient10_EC_2;TL;sorted;PENDING;NO
SRR17720195;TL_patient3_EC;TL;sorted;PENDING;NO
SRR17720193;TL_patient4_EC;TL;sorted;PENDING;NO
SRR17720192;TL_patient5_EC;TL;sorted;PENDING;NO
SRR17720191;TL_patient6_EC;TL;sorted;PENDING;NO
SRR28072467;TL_patient7_EC;TL;sorted;PENDING;NO
SRR28072474;TL_patient9_EC_1;TL;sorted;PENDING;NO
SRR28072475;TL_patient9_EC_1;TL;sorted;PENDING;NO
SRR28072476;TL_patient9_EC_1;TL;sorted;PENDING;NO
SRR28072477;TL_patient9_EC_1;TL;sorted;PENDING;NO
SRR28072468;TL_patient9_EC_2;TL;sorted;PENDING;NO
SRR28072469;TL_patient9_EC_2;TL;sorted;PENDING;NO
SRR28072478;TL_patient9_EC_2;TL;sorted;PENDING;NO
SRR28072479;TL_patient9_EC_2;TL;sorted;PENDING;NO
SRR17720211;TL_patient10_all cells;TL;unsorted;PENDING;NO
SRR28072435;TL_patient10_all cells_1;TL;unsorted;PENDING;NO
SRR28072436;TL_patient10_all cells_1;TL;unsorted;PENDING;NO
SRR28072437;TL_patient10_all cells_1;TL;unsorted;PENDING;NO
SRR28072438;TL_patient10_all cells_1;TL;unsorted;PENDING;NO
SRR28072431;TL_patient10_all cells_2;TL;unsorted;PENDING;NO
SRR28072432;TL_patient10_all cells_2;TL;unsorted;PENDING;NO
SRR28072433;TL_patient10_all cells_2;TL;unsorted;PENDING;NO
SRR28072434;TL_patient10_all cells_2;TL;unsorted;PENDING;NO
SRR17720216;TL_patient5_all cells;TL;unsorted;PENDING;NO
SRR17720214;TL_patient7_all cells;TL;unsorted;PENDING;NO
SRR17720213;TL_patient8_all cells;TL;unsorted;PENDING;NO
SRR17720212;TL_patient9_all cells;TL;unsorted;PENDING;NO
SRR28072470;TL_patient9_all cells_1;TL;unsorted;PENDING;NO
SRR28072471;TL_patient9_all cells_1;TL;unsorted;PENDING;NO
SRR28072472;TL_patient9_all cells_1;TL;unsorted;PENDING;NO
SRR28072473;TL_patient9_all cells_1;TL;unsorted;PENDING;NO
SRR28072463;TL_patient9_all cells_2;TL;unsorted;PENDING;NO
SRR28072464;TL_patient9_all cells_2;TL;unsorted;PENDING;NO
SRR28072465;TL_patient9_all cells_2;TL;unsorted;PENDING;NO
SRR28072466;TL_patient9_all cells_2;TL;unsorted;PENDING;NO
SRR28072415;TL_patient1_EC_bulkRNA-seq;TL;bulkRNA;PENDING;NO
SRR28072414;TL_patient2_EC_bulkRNA-seq;TL;bulkRNA;PENDING;NO
SRR28072413;TL_patient3_EC_bulkRNA-seq;TL;bulkRNA;PENDING;NO
SRR17720159;LGG_patient1_EC;LGG;sorted;PENDING;NO
SRR17720157;LGG_patient2_EC;LGG;sorted;PENDING;NO
SRR17720156;LGG_patient3_EC;LGG;sorted;PENDING;NO
SRR28072462;LGG_patient5_EC;LGG;sorted;PENDING;NO
SRR28072458;LGG_patient6_EC;LGG;sorted;PENDING;NO
SRR28072459;LGG_patient6_EC;LGG;sorted;PENDING;NO
SRR28072460;LGG_patient6_EC;LGG;sorted;PENDING;NO
SRR28072461;LGG_patient6_EC;LGG;sorted;PENDING;NO
SRR17720202;LGG_patient3_all cells;LGG;unsorted;PENDING;NO
SRR17720201;LGG_patient4_all cells;LGG;unsorted;PENDING;NO
SRR17720171;LGG_patient5_all cells;LGG;unsorted;PENDING;NO
SRR17720170;LGG_patient6_all cells;LGG;unsorted;PENDING;NO
SRR18148883;LGG_patient6_all cells;LGG;unsorted;PENDING;NO
SRR28072405;LGG_patient1_EC_bulkRNA-seq;LGG;bulkRNA;PENDING;NO
SRR28072404;LGG_patient2_EC_bulkRNA-seq;LGG;bulkRNA;PENDING;NO
SRR28072403;LGG_patient3_EC_bulkRNA-seq;LGG;bulkRNA;PENDING;NO
SRR28072402;LGG_patient4_EC_bulkRNA-seq;LGG;bulkRNA;PENDING;NO
SRR17720177;GBM_patient1_EC;GBM;sorted;PENDING;NO
SRR17720174;GBM_patient3_EC;GBM;sorted;PENDING;NO
SRR17720173;GBM_patient4_EC;GBM;sorted;PENDING;NO
SRR17720172;GBM_patient5_EC;GBM;sorted;PENDING;NO
SRR28072452;GBM_patient6_EC;GBM;sorted;PENDING;NO
SRR28072453;GBM_patient6_EC;GBM;sorted;PENDING;NO
SRR28072454;GBM_patient6_EC;GBM;sorted;PENDING;NO
SRR28072455;GBM_patient6_EC;GBM;sorted;PENDING;NO
SRR28072456;GBM_patient7_EC;GBM;sorted;PENDING;NO
SRR28072457;GBM_patient7_EC;GBM;sorted;PENDING;NO
SRR28072430;GBM_patient8_EC;GBM;sorted;PENDING;NO
SRR28072451;GBM_patient8_EC;GBM;sorted;PENDING;NO
SRR17720169;GBM_patient3_all cells;GBM;unsorted;PENDING;NO
SRR17720167;GBM_patient4_all cells;GBM;unsorted;PENDING;NO
SRR17720166;GBM_patient5_all cells;GBM;unsorted;PENDING;NO
SRR17720165;GBM_patient6_all cells;GBM;unsorted;PENDING;NO
SRR17720164;GBM_patient7_all cells;GBM;unsorted;PENDING;NO
SRR28072401;GBM_patient1_EC_bulkRNA-seq;GBM;bulkRNA;PENDING;NO
SRR28072400;GBM_patient2_EC_bulkRNA-seq;GBM;bulkRNA;PENDING;NO
SRR28072399;GBM_patient3_EC_bulkRNA-seq;GBM;bulkRNA;PENDING;NO
SRR28072398;GBM_patient4_EC_bulkRNA-seq;GBM;bulkRNA;PENDING;NO
SRR28072397;GBM_patient5_EC_bulkRNA-seq;GBM;bulkRNA;PENDING;NO
SRR28072396;GBM_patient6_EC_bulkRNA-seq;GBM;bulkRNA;PENDING;NO
SRR17720154;MET_patient1_EC;MET;sorted;PENDING;NO
SRR17720153;MET_patient2_EC;MET;sorted;PENDING;NO
SRR17720152;MET_patient3_EC;MET;sorted;PENDING;NO
SRR17720150;MET_patient4_EC;MET;sorted;PENDING;NO
SRR17720149;MET_patient5_EC;MET;sorted;PENDING;NO
SRR17720163;MET_patient3_all cells;MET;unsorted;PENDING;NO
SRR17720162;MET_patient4_all cells;MET;unsorted;PENDING;NO
SRR17720161;MET_patient5_all cells;MET;unsorted;PENDING;NO
SRR28072395;MET_patient1_EC_bulkRNA-seq;MET;bulkRNA;PENDING;NO
SRR28072394;MET_patient2_EC_bulkRNA-seq;MET;bulkRNA;PENDING;NO
SRR28072393;MET_patient3_EC_bulkRNA-seq;MET;bulkRNA;PENDING;NO
SRR28072392;MET_patient4_EC_bulkRNA-seq;MET;bulkRNA;PENDING;NO
SRR28072391;MET_patient5_EC_bulkRNA-seq;MET;bulkRNA;PENDING;NO
SRR17720148;MEN_patient1_EC;MEN;sorted;PENDING;NO
SRR17720146;MEN_patient3_EC;MEN;sorted;PENDING;NO
SRR17720145;MEN_patient4_EC;MEN;sorted;PENDING;NO
SRR17720223;MEN_patient5_EC;MEN;sorted;PENDING;NO
SRR17720160;MEN_patient3_all cells;MEN;unsorted;PENDING;NO
SRR17720158;MEN_patient4_all cells;MEN;unsorted;PENDING;NO
SRR17720187;MEN_patient5_all cells;MEN;unsorted;PENDING;NO
SRR28072390;MEN_patient1_EC_bulkRNA-seq;MEN;bulkRNA;PENDING;NO
SRR28072389;MEN_patient2_EC_bulkRNA-seq;MEN;bulkRNA;PENDING;NO
SRR28072388;MEN_patient3_EC_bulkRNA-seq;MEN;bulkRNA;PENDING;NO
SRR28072387;MEN_patient4_EC_bulkRNA-seq;MEN;bulkRNA;PENDING;NO
SRR28072386;MEN_patient5_EC_bulkRNA-seq;MEN;bulkRNA;PENDING;NO
SRR28072385;MEN_patient6_EC_bulkRNA-seq;MEN;bulkRNA;PENDING;NO
SRR17720182;AVM_patient1_EC;AVM;sorted;PENDING;NO
SRR17720194;AVM_patient2_EC;AVM;sorted;PENDING;NO
SRR17720181;AVM_patient3_EC;AVM;sorted;PENDING;NO
SRR17720179;AVM_patient4_EC;AVM;sorted;PENDING;NO
SRR17720180;AVM_patient5_EC;AVM;sorted;PENDING;NO
SRR17720206;AVM_patient3_all cells;AVM;unsorted;PENDING;NO
SRR17720205;AVM_patient4_all cells;AVM;unsorted;PENDING;NO
SRR17720204;AVM_patient5_all cells;AVM;unsorted;PENDING;NO
SRR28072412;AVM_patient1_EC_bulkRNA-seq;AVM;bulkRNA;PENDING;NO
SRR28072411;AVM_patient2_EC_bulkRNA-seq;AVM;bulkRNA;PENDING;NO
SRR28072410;AVM_patient3_EC_bulkRNA-seq;AVM;bulkRNA;PENDING;NO
SRR28072409;AVM_patient4_EC_bulkRNA-seq;AVM;bulkRNA;PENDING;NO
SRR28072408;AVM_patient5_EC_bulkRNA-seq;AVM;bulkRNA;PENDING;NO
SRR28072407;AVM_patient6_EC_bulkRNA-seq;AVM;bulkRNA;PENDING;NO
SRR28072406;AVM_patient7_EC_bulkRNA-seq;AVM;bulkRNA;PENDING;NO
